#chr,start,end,strand,support,maker_id,glimmer_id,genome_id
GL985056.1,462236,519083,+,maker;glimmerHMM,cluster001,cluster001,GCA_000167675.2
GL985056.1,2388398,2431705,+,maker;glimmerHMM,cluster002,cluster002,GCA_000167675.2
GL985056.1,2695208,2741935,+,maker;glimmerHMM,cluster003,cluster003,GCA_000167675.2
GL985057.1,1930511,1975741,+,maker;glimmerHMM,cluster004,cluster004,GCA_000167675.2
GL985060.1,5618,57773,+,maker;glimmerHMM,cluster005,cluster005,GCA_000167675.2
GL985061.1,14746,89477,+,maker;glimmerHMM,cluster006,cluster006,GCA_000167675.2
GL985061.1,167057,188558,+,maker;glimmerHMM,cluster007,cluster007,GCA_000167675.2
GL985061.1,469709,516750,+,maker;glimmerHMM,cluster008,cluster008,GCA_000167675.2
GL985062.1,195526,244521,+,maker;glimmerHMM,cluster009,cluster009,GCA_000167675.2
GL985062.1,941671,989559,+,maker;glimmerHMM,cluster011,cluster010,GCA_000167675.2
GL985062.1,1326092,1372757,+,maker;glimmerHMM,cluster012,cluster011,GCA_000167675.2
GL985063.1,504121,546840,+,maker;glimmerHMM,cluster013,cluster012,GCA_000167675.2
GL985065.1,701901,745674,+,maker;glimmerHMM,cluster014,cluster013,GCA_000167675.2
GL985069.1,137461,159034,+,maker;glimmerHMM,cluster015,cluster014,GCA_000167675.2
GL985070.1,56106,104410,+,maker;glimmerHMM,cluster016,cluster015,GCA_000167675.2
GL985070.1,551323,598930,+,maker;glimmerHMM,cluster017,cluster016,GCA_000167675.2
GL985070.1,722194,743682,+,maker;glimmerHMM,cluster018,cluster017,GCA_000167675.2
GL985072.1,611535,659174,+,maker;glimmerHMM,cluster019,cluster018,GCA_000167675.2
GL985075.1,512659,562053,+,maker;glimmerHMM,cluster020,cluster019,GCA_000167675.2
GL985077.1,27424,71332,+,maker;glimmerHMM,cluster021,cluster020,GCA_000167675.2
GL985077.1,147888,168743,+,maker;glimmerHMM,cluster022,cluster021,GCA_000167675.2
GL985078.1,276879,297853,+,maker;glimmerHMM,cluster023,cluster022,GCA_000167675.2
GL985079.1,103560,213077,+,maker;glimmerHMM,cluster024,cluster023,GCA_000167675.2
GL985081.1,257047,347620,+,maker;glimmerHMM,cluster026,cluster024,GCA_000167675.2
GL985084.1,16579,62489,+,maker;glimmerHMM,cluster027,cluster025,GCA_000167675.2
GL985086.1,19879,74649,+,maker;glimmerHMM,cluster028,cluster026,GCA_000167675.2
GL985086.1,181115,202586,+,maker;glimmerHMM,cluster029,cluster027,GCA_000167675.2
GL985088.1,1,35745,+,maker;glimmerHMM,cluster030,cluster028,GCA_000167675.2
GL985101.1,6764,52532,+,maker;glimmerHMM,cluster031,cluster029,GCA_000167675.2
GL985105.1,1,34095,+,maker;glimmerHMM,cluster032,cluster030,GCA_000167675.2
GL985062.1,807607,828581,+,maker,cluster010,NA,GCA_000167675.2
GL985079.1,340327,361790,+,maker,cluster025,NA,GCA_000167675.2
ABDF02000092.1,166839,187678,+,maker;glimmerHMM,cluster001,cluster001,GCA_000170995.2
ABDF02000092.1,248628,292479,+,maker;glimmerHMM,cluster002,cluster002,GCA_000170995.2
ABDF02000092.1,1826769,1848192,+,maker;glimmerHMM,cluster003,cluster003,GCA_000170995.2
ABDF02000091.1,1715882,1774107,+,maker;glimmerHMM,cluster005,cluster004,GCA_000170995.2
ABDF02000090.1,973715,1017712,+,maker;glimmerHMM,cluster006,cluster005,GCA_000170995.2
ABDF02000090.1,1395901,1416899,+,maker;glimmerHMM,cluster007,cluster006,GCA_000170995.2
ABDF02000089.1,112298,159956,+,maker;glimmerHMM,cluster008,cluster007,GCA_000170995.2
ABDF02000089.1,834721,882315,+,maker;glimmerHMM,cluster009,cluster008,GCA_000170995.2
ABDF02000088.1,1231821,1275210,+,maker;glimmerHMM,cluster011,cluster009,GCA_000170995.2
ABDF02000086.1,519439,566836,+,maker;glimmerHMM,cluster013,cluster010,GCA_000170995.2
ABDF02000086.1,583037,643982,+,maker;glimmerHMM,cluster014,cluster011,GCA_000170995.2
ABDF02000085.1,58183,107308,+,maker;glimmerHMM,cluster016,cluster012,GCA_000170995.2
ABDF02000085.1,813098,915907,+,maker;glimmerHMM,cluster018,cluster013,GCA_000170995.2
ABDF02000082.1,776010,825456,+,maker;glimmerHMM,cluster019,cluster014,GCA_000170995.2
ABDF02000081.1,163971,212143,+,maker;glimmerHMM,cluster020,cluster015,GCA_000170995.2
ABDF02000081.1,707939,760017,+,maker;glimmerHMM,cluster022,cluster016,GCA_000170995.2
ABDF02000080.1,491103,555729,+,maker;glimmerHMM,cluster023,cluster017,GCA_000170995.2
ABDF02000079.1,116491,168646,+,maker;glimmerHMM,cluster024,cluster018,GCA_000170995.2
ABDF02000078.1,19815,104786,+,maker;glimmerHMM,cluster025,cluster019,GCA_000170995.2
ABDF02000078.1,353068,399901,+,maker;glimmerHMM,cluster026,cluster020,GCA_000170995.2
ABDF02000076.1,138038,181883,+,maker;glimmerHMM,cluster028,cluster021,GCA_000170995.2
ABDF02000075.1,166255,228190,+,maker;glimmerHMM,cluster029,cluster022,GCA_000170995.2
ABDF02000074.1,274648,306882,+,maker;glimmerHMM,cluster030,cluster023,GCA_000170995.2
ABDF02000068.1,23706,80495,+,maker;glimmerHMM,cluster033,cluster024,GCA_000170995.2
ABDF02000066.1,1,41292,+,maker;glimmerHMM,cluster034,cluster025,GCA_000170995.2
ABDF02000064.1,24838,88695,+,maker;glimmerHMM,cluster036,cluster026,GCA_000170995.2
ABDF02000061.1,1,38675,+,maker;glimmerHMM,cluster037,cluster027,GCA_000170995.2
ABDF02000058.1,1,34348,+,maker;glimmerHMM,cluster039,cluster028,GCA_000170995.2
ABDF02000052.1,1,30761,+,maker;glimmerHMM,cluster040,cluster029,GCA_000170995.2
ABDF02000050.1,1,33933,+,maker;glimmerHMM,cluster041,cluster030,GCA_000170995.2
ABDF02000047.1,607,30121,+,maker;glimmerHMM,cluster042,cluster031,GCA_000170995.2
ABDF02000006.1,2266988,2313963,+,maker;glimmerHMM,cluster043,cluster032,GCA_000170995.2
ABDF02000006.1,2715487,2736891,+,maker;glimmerHMM,cluster044,cluster033,GCA_000170995.2
ABDF02000006.1,2927633,3040453,+,maker;glimmerHMM,cluster045,cluster034,GCA_000170995.2
ABDF02000006.1,3122761,3172497,+,maker;glimmerHMM,cluster046,cluster035,GCA_000170995.2
ABDF02000005.1,505121,548557,+,maker;glimmerHMM,cluster047,cluster036,GCA_000170995.2
ABDF02000005.1,1810830,1900925,+,maker;glimmerHMM,cluster048,cluster037,GCA_000170995.2
ABDF02000003.1,998148,1019729,+,maker;glimmerHMM,cluster050,cluster038,GCA_000170995.2
ABDF02000003.1,1361539,1382861,+,maker;glimmerHMM,cluster051,cluster039,GCA_000170995.2
ABDF02000003.1,2509796,2573890,+,maker;glimmerHMM,cluster053,cluster040,GCA_000170995.2
ABDF02000002.1,583128,631750,+,maker;glimmerHMM,cluster054,cluster041,GCA_000170995.2
ABDF02000001.1,114184,135656,+,maker;glimmerHMM,cluster056,cluster042,GCA_000170995.2
ABDF02000001.1,225005,268230,+,maker;glimmerHMM,cluster057,cluster043,GCA_000170995.2
ABDF02000001.1,337960,392711,+,maker;glimmerHMM,cluster058,cluster044,GCA_000170995.2
ABDF02000001.1,2335360,2379137,+,maker;glimmerHMM,cluster059,cluster045,GCA_000170995.2
ABDF02000091.1,1,36465,+,maker,cluster004,NA,GCA_000170995.2
ABDF02000089.1,1069922,1115282,+,maker,cluster010,NA,GCA_000170995.2
ABDF02000086.1,217719,239205,+,maker,cluster012,NA,GCA_000170995.2
ABDF02000086.1,1151700,1199993,+,maker,cluster015,NA,GCA_000170995.2
ABDF02000085.1,499491,542571,+,maker,cluster017,NA,GCA_000170995.2
ABDF02000081.1,607285,653986,+,maker,cluster021,NA,GCA_000170995.2
ABDF02000077.1,195024,216487,+,maker,cluster027,NA,GCA_000170995.2
ABDF02000069.1,30806,76303,+,maker,cluster031,NA,GCA_000170995.2
ABDF02000069.1,95608,138905,+,maker,cluster032,NA,GCA_000170995.2
ABDF02000065.1,6988,56867,+,maker,cluster035,NA,GCA_000170995.2
ABDF02000060.1,49929,63632,+,maker,cluster038,NA,GCA_000170995.2
ABDF02000005.1,2760187,2803365,+,maker,cluster049,NA,GCA_000170995.2
ABDF02000003.1,2213650,2256950,+,maker,cluster052,NA,GCA_000170995.2
ABDF02000001.1,1,41497,+,maker,cluster055,NA,GCA_000170995.2
ABDG02000029.1,331092,401406,+,maker;glimmerHMM,cluster001,cluster001,GCA_000171015.2
ABDG02000029.1,1082995,1104266,+,maker;glimmerHMM,cluster002,cluster002,GCA_000171015.2
ABDG02000029.1,1443837,1465419,+,maker;glimmerHMM,cluster003,cluster003,GCA_000171015.2
ABDG02000027.1,1616460,1665897,+,maker;glimmerHMM,cluster004,cluster004,GCA_000171015.2
ABDG02000027.1,1949700,1970719,+,maker;glimmerHMM,cluster005,cluster005,GCA_000171015.2
ABDG02000027.1,2105952,2154503,+,maker;glimmerHMM,cluster006,cluster006,GCA_000171015.2
ABDG02000027.1,3269356,3313213,+,maker;glimmerHMM,cluster007,cluster007,GCA_000171015.2
ABDG02000027.1,4866179,4914430,+,maker;glimmerHMM,cluster008,cluster008,GCA_000171015.2
ABDG02000027.1,5010704,5033077,+,maker;glimmerHMM,cluster009,cluster009,GCA_000171015.2
ABDG02000027.1,5113830,5196367,+,maker;glimmerHMM,cluster010,cluster010,GCA_000171015.2
ABDG02000026.1,92815,135921,+,maker;glimmerHMM,cluster011,cluster011,GCA_000171015.2
ABDG02000026.1,417723,467489,+,maker;glimmerHMM,cluster013,cluster012,GCA_000171015.2
ABDG02000026.1,1048691,1095711,+,maker;glimmerHMM,cluster015,cluster013,GCA_000171015.2
ABDG02000025.1,2139256,2183129,+,maker;glimmerHMM,cluster017,cluster014,GCA_000171015.2
ABDG02000025.1,2586418,2634632,+,maker;glimmerHMM,cluster018,cluster015,GCA_000171015.2
ABDG02000024.1,105645,160356,+,maker;glimmerHMM,cluster020,cluster016,GCA_000171015.2
ABDG02000023.1,72981,122046,+,maker;glimmerHMM,cluster021,cluster017,GCA_000171015.2
ABDG02000023.1,837001,943302,+,maker;glimmerHMM,cluster022,cluster018,GCA_000171015.2
ABDG02000023.1,1606649,1652878,+,maker;glimmerHMM,cluster023,cluster019,GCA_000171015.2
ABDG02000023.1,1657486,1703274,+,maker;glimmerHMM,cluster024,cluster020,GCA_000171015.2
ABDG02000022.1,1833884,1899288,+,maker;glimmerHMM,cluster026,cluster021,GCA_000171015.2
ABDG02000021.1,56520,113834,+,maker;glimmerHMM,cluster027,cluster022,GCA_000171015.2
ABDG02000021.1,190336,238734,+,maker;glimmerHMM,cluster028,cluster023,GCA_000171015.2
ABDG02000021.1,717479,764870,+,maker;glimmerHMM,cluster029,cluster024,GCA_000171015.2
ABDG02000021.1,1102634,1123637,+,maker;glimmerHMM,cluster030,cluster025,GCA_000171015.2
ABDG02000020.1,114559,162169,+,maker;glimmerHMM,cluster031,cluster026,GCA_000171015.2
ABDG02000020.1,818683,866293,+,maker;glimmerHMM,cluster032,cluster027,GCA_000171015.2
ABDG02000018.1,6201,49975,+,maker;glimmerHMM,cluster033,cluster028,GCA_000171015.2
ABDG02000018.1,704877,725548,+,maker;glimmerHMM,cluster034,cluster029,GCA_000171015.2
ABDG02000017.1,760254,804134,+,maker;glimmerHMM,cluster035,cluster030,GCA_000171015.2
ABDG02000017.1,1363524,1406810,+,maker;glimmerHMM,cluster036,cluster031,GCA_000171015.2
ABDG02000015.1,192509,277011,+,maker;glimmerHMM,cluster037,cluster032,GCA_000171015.2
ABDG02000013.1,773146,871873,+,maker;glimmerHMM,cluster039,cluster033,GCA_000171015.2
ABDG02000012.1,387004,408412,+,maker;glimmerHMM,cluster040,cluster034,GCA_000171015.2
ABDG02000011.1,13402,60803,+,maker;glimmerHMM,cluster041,cluster035,GCA_000171015.2
ABDG02000010.1,42997,99153,+,maker;glimmerHMM,cluster043,cluster036,GCA_000171015.2
ABDG02000010.1,144563,187788,+,maker;glimmerHMM,cluster044,cluster037,GCA_000171015.2
ABDG02000026.1,267742,311489,+,maker,cluster012,NA,GCA_000171015.2
ABDG02000026.1,500690,522333,+,maker,cluster014,NA,GCA_000171015.2
ABDG02000025.1,425659,469404,+,maker,cluster016,NA,GCA_000171015.2
ABDG02000025.1,2954221,2999468,+,maker,cluster019,NA,GCA_000171015.2
ABDG02000022.1,30335,75549,+,maker,cluster025,NA,GCA_000171015.2
ABDG02000014.1,65423,108698,+,maker,cluster038,NA,GCA_000171015.2
ABDG02000011.1,100463,144296,+,maker,cluster042,NA,GCA_000171015.2
LFMI01000085.1,1,35543,+,maker;glimmerHMM,cluster001,cluster001,GCA_001050175.1
LFMI01000009.1,16919,69074,+,maker;glimmerHMM,cluster002,cluster002,GCA_001050175.1
LFMI01000173.1,13362,34795,+,maker;glimmerHMM,cluster003,cluster003,GCA_001050175.1
LFMI01000177.1,1625,108156,+,maker;glimmerHMM,cluster004,cluster004,GCA_001050175.1
LFMI01000180.1,3332,48938,+,maker;glimmerHMM,cluster005,cluster005,GCA_001050175.1
LFMI01000186.1,16774,60081,+,maker;glimmerHMM,cluster006,cluster006,GCA_001050175.1
LFMI01000204.1,1,32816,+,maker;glimmerHMM,cluster007,cluster007,GCA_001050175.1
LFMI01000206.1,91650,113170,+,maker;glimmerHMM,cluster008,cluster008,GCA_001050175.1
LFMI01000206.1,197376,272072,+,maker;glimmerHMM,cluster009,cluster009,GCA_001050175.1
LFMI01000020.1,1,27978,+,maker;glimmerHMM,cluster011,cluster010,GCA_001050175.1
LFMI01000317.1,4549,50455,+,maker;glimmerHMM,cluster012,cluster011,GCA_001050175.1
LFMI01000339.1,1,19314,+,maker;glimmerHMM,cluster013,cluster012,GCA_001050175.1
LFMI01000342.1,35798,79572,+,maker;glimmerHMM,cluster014,cluster013,GCA_001050175.1
LFMI01000026.1,1,14237,+,maker;glimmerHMM,cluster015,cluster014,GCA_001050175.1
LFMI01000357.1,31988,75891,+,maker;glimmerHMM,cluster016,cluster015,GCA_001050175.1
LFMI01000372.1,1,79720,+,maker;glimmerHMM,cluster017,cluster016,GCA_001050175.1
LFMI01000373.1,19536,73507,+,maker;glimmerHMM,cluster018,cluster017,GCA_001050175.1
LFMI01000476.1,17611,64400,+,maker;glimmerHMM,cluster020,cluster018,GCA_001050175.1
LFMI01000052.1,1,11373,+,maker;glimmerHMM,cluster021,cluster019,GCA_001050175.1
LFMI01000624.1,31323,52898,+,maker;glimmerHMM,cluster022,cluster020,GCA_001050175.1
LFMI01000660.1,109610,122034,+,maker;glimmerHMM,cluster023,cluster021,GCA_001050175.1
LFMI01000679.1,1,23680,+,maker;glimmerHMM,cluster024,cluster022,GCA_001050175.1
LFMI01000071.1,88127,109598,+,maker;glimmerHMM,cluster025,cluster023,GCA_001050175.1
LFMI01000768.1,135093,175399,+,maker;glimmerHMM,cluster026,cluster024,GCA_001050175.1
LFMI01000769.1,62436,110776,+,maker;glimmerHMM,cluster027,cluster025,GCA_001050175.1
LFMI01000777.1,50071,106926,+,maker;glimmerHMM,cluster028,cluster026,GCA_001050175.1
LFMI01000815.1,1,24819,+,maker;glimmerHMM,cluster030,cluster027,GCA_001050175.1
LFMI01000825.1,53757,94569,+,maker;glimmerHMM,cluster031,cluster028,GCA_001050175.1
LFMI01000833.1,10406,58013,+,maker;glimmerHMM,cluster032,cluster029,GCA_001050175.1
LFMI01000216.1,1,19494,+,maker,cluster010,NA,GCA_001050175.1
LFMI01000473.1,1601,26474,+,maker,cluster019,NA,GCA_001050175.1
LFMI01000794.1,20530,42014,+,maker,cluster029,NA,GCA_001050175.1
JPDN02000010.1,320553,341572,+,maker;glimmerHMM,cluster001,cluster001,GCA_001481775.2
JPDN02000010.1,626688,676122,+,maker;glimmerHMM,cluster002,cluster002,GCA_001481775.2
JPDN02000012.1,15421,37799,+,maker;glimmerHMM,cluster004,cluster003,GCA_001481775.2
JPDN02000012.1,99239,147451,+,maker;glimmerHMM,cluster005,cluster004,GCA_001481775.2
JPDN02000013.1,104956,152446,+,maker;glimmerHMM,cluster006,cluster005,GCA_001481775.2
JPDN02000013.1,614472,662880,+,maker;glimmerHMM,cluster007,cluster006,GCA_001481775.2
JPDN02000013.1,737592,794721,+,maker;glimmerHMM,cluster008,cluster007,GCA_001481775.2
JPDN02000014.1,663866,770184,+,maker;glimmerHMM,cluster009,cluster008,GCA_001481775.2
JPDN02000016.1,410857,454716,+,maker;glimmerHMM,cluster010,cluster009,GCA_001481775.2
JPDN02000017.1,282605,331271,+,maker;glimmerHMM,cluster011,cluster010,GCA_001481775.2
JPDN02000018.1,8920,29925,+,maker;glimmerHMM,cluster012,cluster011,GCA_001481775.2
JPDN02000021.1,22201,69813,+,maker;glimmerHMM,cluster013,cluster012,GCA_001481775.2
JPDN02000022.1,69340,151901,+,maker;glimmerHMM,cluster014,cluster013,GCA_001481775.2
JPDN02000022.1,321887,375719,+,maker;glimmerHMM,cluster015,cluster014,GCA_001481775.2
JPDN02000024.1,333690,411774,+,maker;glimmerHMM,cluster016,cluster015,GCA_001481775.2
JPDN02000027.1,505350,526359,+,maker;glimmerHMM,cluster017,cluster016,GCA_001481775.2
JPDN02000003.1,915346,959203,+,maker;glimmerHMM,cluster018,cluster017,GCA_001481775.2
JPDN02000003.1,1403245,1462910,+,maker;glimmerHMM,cluster019,cluster018,GCA_001481775.2
JPDN02000030.1,1,61430,+,maker;glimmerHMM,cluster020,cluster019,GCA_001481775.2
JPDN02000030.1,66647,112418,+,maker;glimmerHMM,cluster021,cluster020,GCA_001481775.2
JPDN02000036.1,1,39570,+,maker;glimmerHMM,cluster023,cluster021,GCA_001481775.2
JPDN02000039.1,80094,164681,+,maker;glimmerHMM,cluster024,cluster022,GCA_001481775.2
JPDN02000041.1,94031,137317,+,maker;glimmerHMM,cluster025,cluster023,GCA_001481775.2
JPDN02000046.1,19782,67181,+,maker;glimmerHMM,cluster026,cluster024,GCA_001481775.2
JPDN02000048.1,12977,60211,+,maker;glimmerHMM,cluster027,cluster025,GCA_001481775.2
JPDN02000048.1,161605,182831,+,maker;glimmerHMM,cluster028,cluster026,GCA_001481775.2
JPDN02000005.1,129096,174203,+,maker;glimmerHMM,cluster029,cluster027,GCA_001481775.2
JPDN02000005.1,429565,479419,+,maker;glimmerHMM,cluster030,cluster028,GCA_001481775.2
JPDN02000005.1,502461,523824,+,maker;glimmerHMM,cluster031,cluster029,GCA_001481775.2
JPDN02000005.1,1032411,1079432,+,maker;glimmerHMM,cluster032,cluster030,GCA_001481775.2
JPDN02000054.1,44576,92200,+,maker;glimmerHMM,cluster035,cluster031,GCA_001481775.2
JPDN02000055.1,74875,123965,+,maker;glimmerHMM,cluster036,cluster032,GCA_001481775.2
JPDN02000006.1,38104,86318,+,maker;glimmerHMM,cluster037,cluster033,GCA_001481775.2
JPDN02000006.1,500675,547172,+,maker;glimmerHMM,cluster038,cluster034,GCA_001481775.2
JPDN02000064.1,28367,71179,+,maker;glimmerHMM,cluster039,cluster035,GCA_001481775.2
JPDN02000007.1,882324,903925,+,maker;glimmerHMM,cluster040,cluster037,GCA_001481775.2
JPDN02000009.1,840939,884160,+,maker;glimmerHMM,cluster042,cluster038,GCA_001481775.2
JPDN02000007.1,508513,530519,+,glimmerHMM,NA,cluster036,GCA_001481775.2
JPDN02000011.1,243959,287726,+,maker,cluster003,NA,GCA_001481775.2
JPDN02000032.1,293153,338352,+,maker,cluster022,NA,GCA_001481775.2
JPDN02000052.1,54339,99554,+,maker,cluster033,NA,GCA_001481775.2
JPDN02000053.1,19480,63313,+,maker,cluster034,NA,GCA_001481775.2
JPDN02000009.1,663022,717769,+,maker,cluster041,NA,GCA_001481775.2
JPDN02000092.1,1,26384,+,maker,cluster043,NA,GCA_001481775.2
LVVK01000017.1,2135822,2179047,+,maker;glimmerHMM,cluster001,cluster001,GCA_002022785.1
LVVK01000017.1,2250707,2305405,+,maker;glimmerHMM,cluster002,cluster002,GCA_002022785.1
LVVK01000017.1,2415794,2437196,+,maker;glimmerHMM,cluster003,cluster003,GCA_002022785.1
LVVK01000017.1,2494958,2547525,+,maker;glimmerHMM,cluster004,cluster004,GCA_002022785.1
LVVK01000017.1,2555238,2653766,+,maker;glimmerHMM,cluster005,cluster005,GCA_002022785.1
LVVK01000017.1,2736007,2780947,+,maker;glimmerHMM,cluster006,cluster006,GCA_002022785.1
LVVK01000020.1,3046531,3093479,+,maker;glimmerHMM,cluster007,cluster007,GCA_002022785.1
LVVK01000007.1,585486,633519,+,maker;glimmerHMM,cluster009,cluster008,GCA_002022785.1
LVVK01000007.1,894448,942475,+,maker;glimmerHMM,cluster010,cluster009,GCA_002022785.1
LVVK01000007.1,1229277,1250629,+,maker;glimmerHMM,cluster011,cluster010,GCA_002022785.1
LVVK01000007.1,1582224,1603810,+,maker;glimmerHMM,cluster012,cluster011,GCA_002022785.1
LVVK01000007.1,2456132,2504000,+,maker;glimmerHMM,cluster013,cluster012,GCA_002022785.1
LVVK01000007.1,2574724,2623477,+,maker;glimmerHMM,cluster014,cluster013,GCA_002022785.1
LVVK01000007.1,3099442,3146263,+,maker;glimmerHMM,cluster015,cluster014,GCA_002022785.1
LVVK01000013.1,2776592,2822063,+,maker;glimmerHMM,cluster017,cluster015,GCA_002022785.1
LVVK01000013.1,2856954,2905515,+,maker;glimmerHMM,cluster018,cluster016,GCA_002022785.1
LVVK01000022.1,1278288,1326848,+,maker;glimmerHMM,cluster019,cluster017,GCA_002022785.1
LVVK01000022.1,1887154,1935363,+,maker;glimmerHMM,cluster020,cluster018,GCA_002022785.1
LVVK01000022.1,2340081,2386726,+,maker;glimmerHMM,cluster021,cluster019,GCA_002022785.1
LVVK01000019.1,463979,507830,+,maker;glimmerHMM,cluster022,cluster020,GCA_002022785.1
LVVK01000019.1,560408,581677,+,maker;glimmerHMM,cluster023,cluster021,GCA_002022785.1
LVVK01000019.1,1073432,1094594,+,maker;glimmerHMM,cluster024,cluster022,GCA_002022785.1
LVVK01000019.1,1212840,1256601,+,maker;glimmerHMM,cluster025,cluster023,GCA_002022785.1
LVVK01000023.1,547989,638069,+,maker;glimmerHMM,cluster026,cluster024,GCA_002022785.1
LVVK01000023.1,1882453,1925874,+,maker;glimmerHMM,cluster027,cluster025,GCA_002022785.1
LVVK01000003.1,641668,688832,+,maker;glimmerHMM,cluster029,cluster027,GCA_002022785.1
LVVK01000003.1,1270343,1317942,+,maker;glimmerHMM,cluster031,cluster028,GCA_002022785.1
LVVK01000003.1,1884498,1933068,+,maker;glimmerHMM,cluster032,cluster029,GCA_002022785.1
LVVK01000003.1,1937359,2001051,+,maker;glimmerHMM,cluster033,cluster030,GCA_002022785.1
LVVK01000005.1,254437,297526,+,maker;glimmerHMM,cluster035,cluster031,GCA_002022785.1
LVVK01000005.1,1446094,1546335,+,maker;glimmerHMM,cluster037,cluster033,GCA_002022785.1
LVVK01000005.1,1785592,1832286,+,maker;glimmerHMM,cluster038,cluster034,GCA_002022785.1
LVVK01000015.1,475830,535501,+,maker;glimmerHMM,cluster039,cluster035,GCA_002022785.1
LVVK01000015.1,636210,681687,+,maker;glimmerHMM,cluster040,cluster036,GCA_002022785.1
LVVK01000004.1,808965,856426,+,maker;glimmerHMM,cluster043,cluster037,GCA_002022785.1
LVVK01000018.1,682009,703013,+,maker;glimmerHMM,cluster044,cluster038,GCA_002022785.1
LVVK01000021.1,672977,736146,+,maker;glimmerHMM,cluster046,cluster039,GCA_002022785.1
LVVK01000014.1,48555,100422,+,maker;glimmerHMM,cluster047,cluster040,GCA_002022785.1
LVVK01000014.1,239879,283000,+,maker;glimmerHMM,cluster048,cluster041,GCA_002022785.1
LVVK01000014.1,335692,356877,+,maker;glimmerHMM,cluster049,cluster042,GCA_002022785.1
LVVK01000009.1,540930,593443,+,maker;glimmerHMM,cluster050,cluster043,GCA_002022785.1
LVVK01000026.1,1779,50108,+,maker;glimmerHMM,cluster051,cluster044,GCA_002022785.1
LVVK01000026.1,97505,149575,+,maker;glimmerHMM,cluster052,cluster045,GCA_002022785.1
LVVK01000026.1,331102,428311,+,maker;glimmerHMM,cluster053,cluster046,GCA_002022785.1
LVVK01000010.1,51739,100880,+,maker;glimmerHMM,cluster054,cluster047,GCA_002022785.1
LVVK01000003.1,158040,201608,+,glimmerHMM,NA,cluster026,GCA_002022785.1
LVVK01000005.1,599158,701926,+,glimmerHMM,NA,cluster032,GCA_002022785.1
LVVK01000020.1,3473781,3495206,+,maker,cluster008,NA,GCA_002022785.1
LVVK01000013.1,2697765,2741065,+,maker,cluster016,NA,GCA_002022785.1
LVVK01000003.1,548248,594294,+,maker,cluster028,NA,GCA_002022785.1
LVVK01000003.1,949081,970569,+,maker,cluster030,NA,GCA_002022785.1
LVVK01000002.1,412306,457905,+,maker,cluster034,NA,GCA_002022785.1
LVVK01000005.1,1221608,1242894,+,maker,cluster036,NA,GCA_002022785.1
LVVK01000015.1,874796,922498,+,maker,cluster041,NA,GCA_002022785.1
LVVK01000015.1,1563978,1611640,+,maker,cluster042,NA,GCA_002022785.1
LVVK01000018.1,906156,939793,+,maker,cluster045,NA,GCA_002022785.1
LVVK01000028.1,532,55707,+,maker,cluster055,NA,GCA_002022785.1
PXOA01000051.1,22957,68343,+,maker;glimmerHMM,cluster003,cluster001,GCA_003012105.1
PXOA01000096.1,40824,62307,+,maker;glimmerHMM,cluster005,cluster003,GCA_003012105.1
PXOA01000100.1,9925,28248,+,maker;glimmerHMM,cluster006,cluster004,GCA_003012105.1
PXOA01000105.1,122580,174683,+,maker;glimmerHMM,cluster007,cluster005,GCA_003012105.1
PXOA01000106.1,55023,151110,+,maker;glimmerHMM,cluster008,cluster006,GCA_003012105.1
PXOA01000112.1,1,87602,+,maker;glimmerHMM,cluster009,cluster007,GCA_003012105.1
PXOA01000136.1,20237,69379,+,maker;glimmerHMM,cluster012,cluster008,GCA_003012105.1
PXOA01000141.1,13323,83793,+,maker;glimmerHMM,cluster013,cluster009,GCA_003012105.1
PXOA01000144.1,24298,85109,+,maker;glimmerHMM,cluster014,cluster010,GCA_003012105.1
PXOA01000163.1,1,54448,+,maker;glimmerHMM,cluster016,cluster011,GCA_003012105.1
PXOA01000168.1,144446,175265,+,maker;glimmerHMM,cluster017,cluster012,GCA_003012105.1
PXOA01000181.1,40003,106956,+,maker;glimmerHMM,cluster018,cluster013,GCA_003012105.1
PXOA01000196.1,53881,75470,+,maker;glimmerHMM,cluster020,cluster014,GCA_003012105.1
PXOA01000201.1,1,33612,+,maker;glimmerHMM,cluster021,cluster015,GCA_003012105.1
PXOA01000209.1,180092,227317,+,maker;glimmerHMM,cluster022,cluster016,GCA_003012105.1
PXOA01000230.1,26813,69854,+,maker;glimmerHMM,cluster023,cluster017,GCA_003012105.1
PXOA01000235.1,56015,156791,+,maker;glimmerHMM,cluster024,cluster018,GCA_003012105.1
PXOA01000243.1,1,37328,+,maker;glimmerHMM,cluster025,cluster019,GCA_003012105.1
PXOA01000307.1,1,53724,+,maker;glimmerHMM,cluster028,cluster020,GCA_003012105.1
PXOA01000309.1,10568,44946,+,maker;glimmerHMM,cluster029,cluster021,GCA_003012105.1
PXOA01000335.1,1,54144,+,maker;glimmerHMM,cluster030,cluster022,GCA_003012105.1
PXOA01000351.1,1,46847,+,maker;glimmerHMM,cluster031,cluster023,GCA_003012105.1
PXOA01000351.1,131338,178958,+,maker;glimmerHMM,cluster032,cluster024,GCA_003012105.1
PXOA01000370.1,37093,84702,+,maker;glimmerHMM,cluster033,cluster025,GCA_003012105.1
PXOA01000377.1,18629,31401,+,maker;glimmerHMM,cluster034,cluster026,GCA_003012105.1
PXOA01000395.1,1031,48638,+,maker;glimmerHMM,cluster035,cluster027,GCA_003012105.1
PXOA01000414.1,108758,130049,+,maker;glimmerHMM,cluster036,cluster028,GCA_003012105.1
PXOA01000414.1,174417,218268,+,maker;glimmerHMM,cluster037,cluster029,GCA_003012105.1
PXOA01000497.1,29834,84529,+,maker;glimmerHMM,cluster039,cluster030,GCA_003012105.1
PXOA01000591.1,6514,27800,+,maker;glimmerHMM,cluster042,cluster031,GCA_003012105.1
PXOA01000597.1,13725,61485,+,maker;glimmerHMM,cluster043,cluster032,GCA_003012105.1
PXOA01000636.1,1,33105,+,maker;glimmerHMM,cluster044,cluster033,GCA_003012105.1
PXOA01000652.1,72518,113377,+,maker;glimmerHMM,cluster045,cluster034,GCA_003012105.1
PXOA01000662.1,1,24775,+,maker;glimmerHMM,cluster046,cluster035,GCA_003012105.1
PXOA01000058.1,108426,129727,+,glimmerHMM,NA,cluster002,GCA_003012105.1
PXOA01000017.1,61681,114632,+,maker,cluster001,NA,GCA_003012105.1
PXOA01000030.1,38704,87069,+,maker,cluster002,NA,GCA_003012105.1
PXOA01000072.1,22533,77264,+,maker,cluster004,NA,GCA_003012105.1
PXOA01000123.1,55792,127693,+,maker,cluster010,NA,GCA_003012105.1
PXOA01000127.1,1,15315,+,maker,cluster011,NA,GCA_003012105.1
PXOA01000151.1,1,43271,+,maker,cluster015,NA,GCA_003012105.1
PXOA01000190.1,31240,105654,+,maker,cluster019,NA,GCA_003012105.1
PXOA01000245.1,1341,45826,+,maker,cluster026,NA,GCA_003012105.1
PXOA01000282.1,62802,104823,+,maker,cluster027,NA,GCA_003012105.1
PXOA01000462.1,11916,55202,+,maker,cluster038,NA,GCA_003012105.1
PXOA01000500.1,19352,91104,+,maker,cluster040,NA,GCA_003012105.1
PXOA01000586.1,1,27117,+,maker,cluster041,NA,GCA_003012105.1
PXOA01000725.1,1,18680,+,maker,cluster047,NA,GCA_003012105.1
PXOA01000736.1,1,10576,+,maker,cluster048,NA,GCA_003012105.1
PXOA01000793.1,1,9003,+,maker,cluster049,NA,GCA_003012105.1
KZ679675.1,3358,51685,+,maker;glimmerHMM,cluster001,cluster001,GCA_003025095.1
KZ679675.1,101188,153549,+,maker;glimmerHMM,cluster002,cluster002,GCA_003025095.1
KZ679675.1,323167,373078,+,maker;glimmerHMM,cluster003,cluster003,GCA_003025095.1
KZ679675.1,998248,1045186,+,maker;glimmerHMM,cluster005,cluster004,GCA_003025095.1
KZ679676.1,1933677,1977528,+,maker;glimmerHMM,cluster006,cluster005,GCA_003025095.1
KZ679676.1,2029789,2050808,+,maker;glimmerHMM,cluster007,cluster006,GCA_003025095.1
KZ679676.1,2552505,2573500,+,maker;glimmerHMM,cluster008,cluster007,GCA_003025095.1
KZ679676.1,2710860,2754626,+,maker;glimmerHMM,cluster009,cluster008,GCA_003025095.1
KZ679677.1,1943981,1992576,+,maker;glimmerHMM,cluster010,cluster009,GCA_003025095.1
KZ679677.1,2553645,2601866,+,maker;glimmerHMM,cluster011,cluster010,GCA_003025095.1
KZ679678.1,2764132,2876055,+,maker;glimmerHMM,cluster014,cluster011,GCA_003025095.1
KZ679679.1,748887,792309,+,maker;glimmerHMM,cluster015,cluster012,GCA_003025095.1
KZ679679.1,2032053,2115635,+,maker;glimmerHMM,cluster016,cluster013,GCA_003025095.1
KZ679680.1,1130761,1152110,+,maker;glimmerHMM,cluster018,cluster014,GCA_003025095.1
KZ679680.1,1485047,1506642,+,maker;glimmerHMM,cluster019,cluster015,GCA_003025095.1
KZ679680.1,2378418,2426250,+,maker;glimmerHMM,cluster020,cluster016,GCA_003025095.1
KZ679681.1,67864,120362,+,maker;glimmerHMM,cluster021,cluster017,GCA_003025095.1
KZ679682.1,85533,132698,+,maker;glimmerHMM,cluster023,cluster018,GCA_003025095.1
KZ679682.1,684476,731847,+,maker;glimmerHMM,cluster025,cluster019,GCA_003025095.1
KZ679682.1,1254232,1297312,+,maker;glimmerHMM,cluster026,cluster020,GCA_003025095.1
KZ679683.1,1047401,1095449,+,maker;glimmerHMM,cluster027,cluster021,GCA_003025095.1
KZ679683.1,1220493,1262992,+,maker;glimmerHMM,cluster028,cluster022,GCA_003025095.1
KZ679684.1,204355,251045,+,maker;glimmerHMM,cluster029,cluster023,GCA_003025095.1
KZ679684.1,490141,590395,+,maker;glimmerHMM,cluster030,cluster024,GCA_003025095.1
KZ679684.1,785974,807441,+,maker;glimmerHMM,cluster031,cluster025,GCA_003025095.1
KZ679685.1,121216,168875,+,maker;glimmerHMM,cluster032,cluster026,GCA_003025095.1
KZ679685.1,820378,868085,+,maker;glimmerHMM,cluster033,cluster027,GCA_003025095.1
KZ679685.1,1068055,1113367,+,maker;glimmerHMM,cluster034,cluster028,GCA_003025095.1
KZ679685.1,1210568,1270224,+,maker;glimmerHMM,cluster035,cluster029,GCA_003025095.1
KZ679687.1,756252,799477,+,maker;glimmerHMM,cluster036,cluster030,GCA_003025095.1
KZ679687.1,867616,922311,+,maker;glimmerHMM,cluster037,cluster031,GCA_003025095.1
KZ679687.1,967811,989327,+,maker;glimmerHMM,cluster038,cluster032,GCA_003025095.1
KZ679688.1,137956,170844,+,maker;glimmerHMM,cluster039,cluster033,GCA_003025095.1
KZ679689.1,57012,106149,+,maker;glimmerHMM,cluster040,cluster034,GCA_003025095.1
KZ679689.1,510537,553278,+,maker;glimmerHMM,cluster041,cluster035,GCA_003025095.1
KZ679689.1,861352,962280,+,maker;glimmerHMM,cluster042,cluster036,GCA_003025095.1
KZ679690.1,152804,204668,+,maker;glimmerHMM,cluster043,cluster037,GCA_003025095.1
KZ679690.1,382566,427824,+,maker;glimmerHMM,cluster044,cluster038,GCA_003025095.1
KZ679695.1,133366,191367,+,maker;glimmerHMM,cluster045,cluster039,GCA_003025095.1
KZ679696.1,1,33808,+,maker;glimmerHMM,cluster046,cluster040,GCA_003025095.1
KZ679700.1,2340,48663,+,maker;glimmerHMM,cluster047,cluster041,GCA_003025095.1
KZ679700.1,117941,216990,+,maker;glimmerHMM,cluster048,cluster042,GCA_003025095.1
KZ679700.1,224683,277352,+,maker;glimmerHMM,cluster049,cluster043,GCA_003025095.1
KZ679701.1,2137,50296,+,maker;glimmerHMM,cluster050,cluster044,GCA_003025095.1
KZ679706.1,110478,150669,+,maker;glimmerHMM,cluster051,cluster045,GCA_003025095.1
KZ679711.1,44374,91002,+,maker;glimmerHMM,cluster054,cluster046,GCA_003025095.1
KZ679722.1,1,27439,+,maker;glimmerHMM,cluster055,cluster047,GCA_003025095.1
KZ679675.1,610095,631774,+,maker,cluster004,NA,GCA_003025095.1
KZ679677.1,3003736,3050402,+,maker,cluster012,NA,GCA_003025095.1
KZ679678.1,2684617,2727919,+,maker,cluster013,NA,GCA_003025095.1
KZ679680.1,545778,594286,+,maker,cluster017,NA,GCA_003025095.1
KZ679682.1,1,38524,+,maker,cluster022,NA,GCA_003025095.1
KZ679682.1,371917,393411,+,maker,cluster024,NA,GCA_003025095.1
KZ679707.1,40270,84752,+,maker,cluster052,NA,GCA_003025095.1
KZ679708.1,76595,111678,+,maker,cluster053,NA,GCA_003025095.1
KZ679256.1,39368,148631,+,maker;glimmerHMM,cluster001,cluster001,GCA_003025105.1
KZ679256.1,555775,599632,+,maker;glimmerHMM,cluster002,cluster002,GCA_003025105.1
KZ679256.1,1917285,1938533,+,maker;glimmerHMM,cluster003,cluster003,GCA_003025105.1
KZ679256.1,2200941,2250372,+,maker;glimmerHMM,cluster004,cluster004,GCA_003025105.1
KZ679257.1,332108,379228,+,maker;glimmerHMM,cluster005,cluster005,GCA_003025105.1
KZ679258.1,820371,864240,+,maker;glimmerHMM,cluster007,cluster006,GCA_003025105.1
KZ679259.1,2236803,2280626,+,maker;glimmerHMM,cluster008,cluster007,GCA_003025105.1
KZ679260.1,1655331,1703533,+,maker;glimmerHMM,cluster010,cluster008,GCA_003025105.1
KZ679260.1,1742740,1765112,+,maker;glimmerHMM,cluster011,cluster009,GCA_003025105.1
KZ679260.1,1849109,1932285,+,maker;glimmerHMM,cluster012,cluster010,GCA_003025105.1
KZ679260.1,2294239,2378501,+,maker;glimmerHMM,cluster014,cluster011,GCA_003025105.1
KZ679261.1,69875,118908,+,maker;glimmerHMM,cluster015,cluster012,GCA_003025105.1
KZ679261.1,855539,958400,+,maker;glimmerHMM,cluster016,cluster013,GCA_003025105.1
KZ679261.1,1607482,1672219,+,maker;glimmerHMM,cluster017,cluster014,GCA_003025105.1
KZ679261.1,1679200,1725016,+,maker;glimmerHMM,cluster018,cluster015,GCA_003025105.1
KZ679262.1,770587,792176,+,maker;glimmerHMM,cluster019,cluster016,GCA_003025105.1
KZ679262.1,1125588,1146859,+,maker;glimmerHMM,cluster020,cluster017,GCA_003025105.1
KZ679262.1,1886673,1963761,+,maker;glimmerHMM,cluster021,cluster018,GCA_003025105.1
KZ679263.1,1422301,1443703,+,maker;glimmerHMM,cluster024,cluster019,GCA_003025105.1
KZ679265.1,91998,146745,+,maker;glimmerHMM,cluster026,cluster020,GCA_003025105.1
KZ679266.1,25415,83906,+,maker;glimmerHMM,cluster027,cluster021,GCA_003025105.1
KZ679268.1,384835,432283,+,maker;glimmerHMM,cluster030,cluster022,GCA_003025105.1
KZ679268.1,482839,504002,+,maker;glimmerHMM,cluster031,cluster023,GCA_003025105.1
KZ679268.1,750462,771464,+,maker;glimmerHMM,cluster033,cluster024,GCA_003025105.1
KZ679271.1,1,39482,+,maker;glimmerHMM,cluster036,cluster025,GCA_003025105.1
KZ679271.1,153990,199165,+,maker;glimmerHMM,cluster037,cluster026,GCA_003025105.1
KZ679271.1,424348,474074,+,maker;glimmerHMM,cluster039,cluster027,GCA_003025105.1
KZ679276.1,1,40018,+,maker;glimmerHMM,cluster042,cluster028,GCA_003025105.1
KZ679277.1,544,44633,+,maker;glimmerHMM,cluster044,cluster029,GCA_003025105.1
KZ679281.1,59263,106089,+,maker;glimmerHMM,cluster046,cluster030,GCA_003025105.1
KZ679282.1,27490,73110,+,maker;glimmerHMM,cluster047,cluster031,GCA_003025105.1
KZ679258.1,1,35695,+,maker,cluster006,NA,GCA_003025105.1
KZ679259.1,2755272,2798561,+,maker,cluster009,NA,GCA_003025105.1
KZ679260.1,2093785,2146840,+,maker,cluster013,NA,GCA_003025105.1
KZ679262.1,2038709,2059002,+,maker,cluster022,NA,GCA_003025105.1
KZ679263.1,34904,80121,+,maker,cluster023,NA,GCA_003025105.1
KZ679263.1,1720352,1766024,+,maker,cluster025,NA,GCA_003025105.1
KZ679266.1,1256638,1277760,+,maker,cluster028,NA,GCA_003025105.1
KZ679268.1,16808,40187,+,maker,cluster029,NA,GCA_003025105.1
KZ679268.1,618611,662093,+,maker,cluster032,NA,GCA_003025105.1
KZ679270.1,111087,158798,+,maker,cluster034,NA,GCA_003025105.1
KZ679270.1,813415,861022,+,maker,cluster035,NA,GCA_003025105.1
KZ679271.1,325310,368968,+,maker,cluster038,NA,GCA_003025105.1
KZ679271.1,487983,509656,+,maker,cluster040,NA,GCA_003025105.1
KZ679273.1,487468,535825,+,maker,cluster041,NA,GCA_003025105.1
KZ679276.1,80704,124537,+,maker,cluster043,NA,GCA_003025105.1
KZ679279.1,25995,69222,+,maker,cluster045,NA,GCA_003025105.1
KZ679283.1,57426,84710,+,maker,cluster048,NA,GCA_003025105.1
KZ679284.1,7670,64482,+,maker,cluster049,NA,GCA_003025105.1
KZ679285.1,14837,58326,+,maker,cluster050,NA,GCA_003025105.1
KZ680207.1,1,99047,+,maker;glimmerHMM,cluster001,cluster001,GCA_003025115.1
KZ680207.1,176635,198105,+,maker;glimmerHMM,cluster002,cluster002,GCA_003025115.1
KZ680207.1,458295,505352,+,maker;glimmerHMM,cluster003,cluster003,GCA_003025115.1
KZ680207.1,3206615,3251835,+,maker;glimmerHMM,cluster004,cluster004,GCA_003025115.1
KZ680208.1,318554,366413,+,maker;glimmerHMM,cluster005,cluster005,GCA_003025115.1
KZ680208.1,472248,513180,+,maker;glimmerHMM,cluster006,cluster006,GCA_003025115.1
KZ680208.1,1079732,1128509,+,maker;glimmerHMM,cluster007,cluster007,GCA_003025115.1
KZ680209.1,881828,902802,+,maker;glimmerHMM,cluster008,cluster008,GCA_003025115.1
KZ680209.1,1232845,1254418,+,maker;glimmerHMM,cluster009,cluster009,GCA_003025115.1
KZ680209.1,2004823,2086631,+,maker;glimmerHMM,cluster010,cluster010,GCA_003025115.1
KZ680211.1,1,39477,+,maker;glimmerHMM,cluster011,cluster011,GCA_003025115.1
KZ680211.1,1841986,1885281,+,maker;glimmerHMM,cluster012,cluster012,GCA_003025115.1
KZ680212.1,351996,399565,+,maker;glimmerHMM,cluster013,cluster013,GCA_003025115.1
KZ680213.1,1,41173,+,maker;glimmerHMM,cluster014,cluster014,GCA_003025115.1
KZ680213.1,382647,404058,+,maker;glimmerHMM,cluster015,cluster015,GCA_003025115.1
KZ680213.1,471473,515357,+,maker;glimmerHMM,cluster016,cluster016,GCA_003025115.1
KZ680214.1,162823,217605,+,maker;glimmerHMM,cluster018,cluster017,GCA_003025115.1
KZ680214.1,1116872,1160649,+,maker;glimmerHMM,cluster019,cluster018,GCA_003025115.1
KZ680216.1,885162,994641,+,maker;glimmerHMM,cluster020,cluster019,GCA_003025115.1
KZ680216.1,1293307,1381075,+,maker;glimmerHMM,cluster022,cluster020,GCA_003025115.1
KZ680219.1,20060,65861,+,maker;glimmerHMM,cluster023,cluster021,GCA_003025115.1
KZ680220.1,124667,146143,+,maker;glimmerHMM,cluster024,cluster022,GCA_003025115.1
KZ680220.1,260192,307799,+,maker;glimmerHMM,cluster025,cluster023,GCA_003025115.1
KZ680220.1,754383,802696,+,maker;glimmerHMM,cluster026,cluster024,GCA_003025115.1
KZ680223.1,138553,181957,+,maker;glimmerHMM,cluster027,cluster025,GCA_003025115.1
KZ680224.1,198775,245560,+,maker;glimmerHMM,cluster028,cluster026,GCA_003025115.1
KZ680225.1,360129,393417,+,maker;glimmerHMM,cluster029,cluster027,GCA_003025115.1
KZ680227.1,147325,191184,+,maker;glimmerHMM,cluster030,cluster028,GCA_003025115.1
KZ680228.1,76276,125624,+,maker;glimmerHMM,cluster031,cluster029,GCA_003025115.1
KZ680229.1,50704,97368,+,maker;glimmerHMM,cluster032,cluster030,GCA_003025115.1
KZ680230.1,31746,83901,+,maker;glimmerHMM,cluster033,cluster031,GCA_003025115.1
KZ680214.1,29606,51071,+,maker,cluster017,NA,GCA_003025115.1
KZ680216.1,1117892,1139359,+,maker,cluster021,NA,GCA_003025115.1
KZ679126.1,3238655,3290806,+,maker;glimmerHMM,cluster001,cluster001,GCA_003025155.1
KZ679127.1,48210,95309,+,maker;glimmerHMM,cluster002,cluster002,GCA_003025155.1
KZ679127.1,2794067,2839300,+,maker;glimmerHMM,cluster003,cluster003,GCA_003025155.1
KZ679128.1,1777646,1834532,+,maker;glimmerHMM,cluster004,cluster004,GCA_003025155.1
KZ679129.1,1460510,1509227,+,maker;glimmerHMM,cluster005,cluster005,GCA_003025155.1
KZ679129.1,2181924,2229784,+,maker;glimmerHMM,cluster007,cluster006,GCA_003025155.1
KZ679129.1,2551161,2598325,+,maker;glimmerHMM,cluster008,cluster007,GCA_003025155.1
KZ679130.1,498156,541539,+,maker;glimmerHMM,cluster009,cluster008,GCA_003025155.1
KZ679130.1,1374287,1457733,+,maker;glimmerHMM,cluster010,cluster009,GCA_003025155.1
KZ679131.1,898835,1008340,+,maker;glimmerHMM,cluster011,cluster010,GCA_003025155.1
KZ679131.1,1291534,1337440,+,maker;glimmerHMM,cluster013,cluster011,GCA_003025155.1
KZ679133.1,335947,356810,+,maker;glimmerHMM,cluster014,cluster012,GCA_003025155.1
KZ679134.1,47142,95458,+,maker;glimmerHMM,cluster015,cluster013,GCA_003025155.1
KZ679134.1,527944,575558,+,maker;glimmerHMM,cluster016,cluster014,GCA_003025155.1
KZ679134.1,688807,710272,+,maker;glimmerHMM,cluster017,cluster015,GCA_003025155.1
KZ679134.1,1042119,1088910,+,maker;glimmerHMM,cluster018,cluster016,GCA_003025155.1
KZ679135.1,69624,91199,+,maker;glimmerHMM,cluster019,cluster017,GCA_003025155.1
KZ679136.1,98102,147459,+,maker;glimmerHMM,cluster020,cluster018,GCA_003025155.1
KZ679137.1,752267,796035,+,maker;glimmerHMM,cluster021,cluster019,GCA_003025155.1
KZ679142.1,470723,516935,+,maker;glimmerHMM,cluster022,cluster020,GCA_003025155.1
KZ679144.1,190590,238294,+,maker;glimmerHMM,cluster023,cluster021,GCA_003025155.1
KZ679145.1,140590,195330,+,maker;glimmerHMM,cluster024,cluster022,GCA_003025155.1
KZ679150.1,1,37376,+,maker;glimmerHMM,cluster026,cluster023,GCA_003025155.1
KZ679153.1,12997,56294,+,maker;glimmerHMM,cluster027,cluster024,GCA_003025155.1
KZ679129.1,2051234,2072064,+,maker,cluster006,NA,GCA_003025155.1
KZ679131.1,1131783,1153384,+,maker,cluster012,NA,GCA_003025155.1
KZ679146.1,203373,224856,+,maker,cluster025,NA,GCA_003025155.1
NODE_1_length_404280_cov_47.690922,93342,115715,+,maker;glimmerHMM,cluster001,cluster001,ICBG1054
NODE_1_length_404280_cov_47.690922,292652,342544,+,maker;glimmerHMM,cluster002,cluster002,ICBG1054
NODE_2_length_314939_cov_49.752548,186877,238486,+,maker;glimmerHMM,cluster003,cluster003,ICBG1054
NODE_5_length_247187_cov_44.829669,208761,247187,+,maker;glimmerHMM,cluster004,cluster004,ICBG1054
NODE_6_length_241765_cov_47.318621,124598,176947,+,maker;glimmerHMM,cluster005,cluster005,ICBG1054
NODE_10_length_227953_cov_50.657541,1,52489,+,maker;glimmerHMM,cluster006,cluster006,ICBG1054
NODE_12_length_215955_cov_40.277522,46528,90992,+,maker;glimmerHMM,cluster007,cluster007,ICBG1054
NODE_15_length_209278_cov_48.786977,98856,120299,+,maker;glimmerHMM,cluster008,cluster008,ICBG1054
NODE_20_length_186871_cov_46.124695,39479,94242,+,maker;glimmerHMM,cluster009,cluster009,ICBG1054
NODE_20_length_186871_cov_46.124695,109793,154207,+,maker;glimmerHMM,cluster010,cluster010,ICBG1054
NODE_32_length_154693_cov_49.520664,12185,58879,+,maker;glimmerHMM,cluster011,cluster011,ICBG1054
NODE_34_length_147705_cov_48.826031,17284,38933,+,maker;glimmerHMM,cluster012,cluster012,ICBG1054
NODE_40_length_136395_cov_47.017737,22763,70674,+,maker;glimmerHMM,cluster013,cluster013,ICBG1054
NODE_63_length_106999_cov_50.524993,64498,106999,+,maker;glimmerHMM,cluster014,cluster014,ICBG1054
NODE_89_length_89668_cov_46.187478,21499,42716,+,maker;glimmerHMM,cluster015,cluster015,ICBG1054
NODE_104_length_78031_cov_21.500783,1,20169,+,maker;glimmerHMM,cluster016,cluster016,ICBG1054
NODE_104_length_78031_cov_21.500783,24603,45989,+,maker;glimmerHMM,cluster017,cluster017,ICBG1054
NODE_125_length_67101_cov_48.191851,15337,62394,+,maker;glimmerHMM,cluster018,cluster018,ICBG1054
NODE_134_length_62936_cov_48.281504,1,28569,+,maker;glimmerHMM,cluster019,cluster019,ICBG1054
NODE_164_length_54378_cov_48.397983,6543,28686,+,maker;glimmerHMM,cluster020,cluster020,ICBG1054
NODE_195_length_42788_cov_50.602471,10084,31568,+,maker;glimmerHMM,cluster021,cluster021,ICBG1054
NODE_215_length_36654_cov_51.316834,1,36654,+,maker;glimmerHMM,cluster022,cluster022,ICBG1054
NODE_221_length_35195_cov_49.140213,1,35195,+,maker;glimmerHMM,cluster023,cluster023,ICBG1054
NODE_3_length_155132_cov_13.519809,98572,146416,+,maker;glimmerHMM,cluster001,cluster001,ICBG1065
NODE_4_length_152041_cov_14.124794,60409,112721,+,maker;glimmerHMM,cluster002,cluster002,ICBG1065
NODE_5_length_137511_cov_13.139136,12259,85150,+,maker;glimmerHMM,cluster003,cluster003,ICBG1065
NODE_35_length_88311_cov_13.772600,1,42066,+,maker;glimmerHMM,cluster004,cluster004,ICBG1065
NODE_35_length_88311_cov_13.772600,54261,88311,+,maker;glimmerHMM,cluster005,cluster005,ICBG1065
NODE_48_length_78732_cov_12.558221,40031,62472,+,maker;glimmerHMM,cluster006,cluster006,ICBG1065
NODE_55_length_72763_cov_13.333416,23873,70598,+,maker;glimmerHMM,cluster007,cluster007,ICBG1065
NODE_58_length_71097_cov_13.471326,23766,71097,+,maker;glimmerHMM,cluster008,cluster008,ICBG1065
NODE_77_length_64594_cov_15.479486,1,30149,+,maker;glimmerHMM,cluster009,cluster009,ICBG1065
NODE_80_length_63476_cov_12.447110,3657,50531,+,maker;glimmerHMM,cluster010,cluster010,ICBG1065
NODE_90_length_59777_cov_13.600805,34697,55892,+,maker;glimmerHMM,cluster011,cluster011,ICBG1065
NODE_151_length_43420_cov_13.014252,2111,43420,+,maker;glimmerHMM,cluster012,cluster012,ICBG1065
NODE_166_length_40456_cov_12.932282,4217,40456,+,maker;glimmerHMM,cluster013,cluster013,ICBG1065
NODE_186_length_38398_cov_12.897076,1,38398,+,maker;glimmerHMM,cluster014,cluster014,ICBG1065
NODE_292_length_28390_cov_13.445813,290,28390,+,maker;glimmerHMM,cluster015,cluster015,ICBG1065
NODE_341_length_24547_cov_13.688370,1,24547,+,maker;glimmerHMM,cluster016,cluster016,ICBG1065
NODE_380_length_21499_cov_12.556148,1,14307,+,maker;glimmerHMM,cluster017,cluster017,ICBG1065
NODE_667_length_9489_cov_12.767998,1,9489,+,maker,cluster018,NA,ICBG1065
NODE_813_length_5933_cov_11.223045,1,5933,+,maker,cluster019,NA,ICBG1065
NODE_1_length_1806559_cov_23.166471,20864,42072,+,maker;glimmerHMM,cluster001,cluster001,ICBG1075
NODE_1_length_1806559_cov_23.166471,798330,842296,+,maker;glimmerHMM,cluster002,cluster003,ICBG1075
NODE_2_length_1742724_cov_22.765721,321889,368756,+,maker;glimmerHMM,cluster003,cluster004,ICBG1075
NODE_4_length_1120656_cov_25.632235,512569,536902,+,maker;glimmerHMM,cluster004,cluster005,ICBG1075
NODE_5_length_1111637_cov_24.871330,144479,191968,+,maker;glimmerHMM,cluster005,cluster006,ICBG1075
NODE_5_length_1111637_cov_24.871330,522252,595295,+,maker;glimmerHMM,cluster006,cluster007,ICBG1075
NODE_7_length_981326_cov_21.713968,79663,132314,+,maker;glimmerHMM,cluster007,cluster008,ICBG1075
NODE_19_length_537329_cov_23.536180,422689,474998,+,maker;glimmerHMM,cluster008,cluster009,ICBG1075
NODE_24_length_437981_cov_25.163338,250842,272101,+,maker;glimmerHMM,cluster009,cluster011,ICBG1075
NODE_26_length_427138_cov_26.846437,61330,107977,+,maker;glimmerHMM,cluster010,cluster012,ICBG1075
NODE_26_length_427138_cov_26.846437,190235,240715,+,maker;glimmerHMM,cluster011,cluster013,ICBG1075
NODE_29_length_384920_cov_25.747976,189728,211071,+,maker;glimmerHMM,cluster012,cluster014,ICBG1075
NODE_31_length_340603_cov_23.599725,202814,225255,+,maker;glimmerHMM,cluster013,cluster015,ICBG1075
NODE_42_length_166812_cov_27.031419,30383,84366,+,maker;glimmerHMM,cluster014,cluster017,ICBG1075
NODE_42_length_166812_cov_27.031419,96861,139977,+,maker;glimmerHMM,cluster015,cluster018,ICBG1075
NODE_60_length_79216_cov_25.596442,1,41588,+,maker;glimmerHMM,cluster016,cluster019,ICBG1075
NODE_1_length_1806559_cov_23.166471,253508,275109,+,glimmerHMM,NA,cluster002,ICBG1075
NODE_22_length_501750_cov_22.809847,112324,158891,+,glimmerHMM,NA,cluster010,ICBG1075
NODE_41_length_174959_cov_26.935698,137139,174959,+,glimmerHMM,NA,cluster016,ICBG1075
NODE_71_length_40836_cov_26.114913,27765,40836,+,maker,cluster017,NA,ICBG1075
scaffold2,244855,266921,+,maker;glimmerHMM,cluster001,cluster001,ICBG1096
scaffold5,95906,142892,+,maker;glimmerHMM,cluster002,cluster002,ICBG1096
scaffold11,22300,43619,+,maker;glimmerHMM,cluster003,cluster003,ICBG1096
scaffold17,151518,195261,+,maker;glimmerHMM,cluster004,cluster004,ICBG1096
scaffold18,80925,125990,+,maker;glimmerHMM,cluster005,cluster005,ICBG1096
scaffold25,1,56451,+,maker;glimmerHMM,cluster006,cluster006,ICBG1096
scaffold25,84988,129501,+,maker;glimmerHMM,cluster007,cluster007,ICBG1096
scaffold27,103762,151256,+,maker;glimmerHMM,cluster008,cluster008,ICBG1096
scaffold38,1,32788,+,maker;glimmerHMM,cluster009,cluster009,ICBG1096
scaffold61,58,61851,+,maker;glimmerHMM,cluster010,cluster010,ICBG1096
scaffold80,1,44842,+,maker;glimmerHMM,cluster011,cluster011,ICBG1096
scaffold85,69593,82537,+,maker;glimmerHMM,cluster012,cluster012,ICBG1096
scaffold87,19990,75435,+,maker;glimmerHMM,cluster013,cluster013,ICBG1096
scaffold103,29316,50785,+,maker;glimmerHMM,cluster014,cluster014,ICBG1096
scaffold106,37596,59064,+,maker;glimmerHMM,cluster015,cluster015,ICBG1096
scaffold147,45967,59546,+,maker;glimmerHMM,cluster016,cluster016,ICBG1096
scaffold148,1,58912,+,maker;glimmerHMM,cluster017,cluster017,ICBG1096
scaffold156,22817,55884,+,maker;glimmerHMM,cluster018,cluster018,ICBG1096
scaffold173,1,28625,+,maker;glimmerHMM,cluster019,cluster019,ICBG1096
scaffold179,8197,48607,+,maker;glimmerHMM,cluster020,cluster020,ICBG1096
scaffold238,1,32168,+,maker;glimmerHMM,cluster021,cluster021,ICBG1096
NODE_1_length_655175_cov_46.306011,248178,269792,+,maker;glimmerHMM,cluster001,cluster001,ICBG2046
NODE_7_length_440057_cov_47.711181,242202,284507,+,maker;glimmerHMM,cluster002,cluster002,ICBG2046
NODE_9_length_394649_cov_48.195036,243377,287354,+,maker;glimmerHMM,cluster003,cluster003,ICBG2046
NODE_12_length_365688_cov_47.560864,283689,306063,+,maker;glimmerHMM,cluster004,cluster004,ICBG2046
NODE_13_length_348637_cov_45.330134,258281,306060,+,maker;glimmerHMM,cluster005,cluster005,ICBG2046
NODE_14_length_336798_cov_44.461587,80444,124742,+,maker;glimmerHMM,cluster006,cluster006,ICBG2046
NODE_14_length_336798_cov_44.461587,156858,204661,+,maker;glimmerHMM,cluster007,cluster007,ICBG2046
NODE_17_length_310219_cov_46.891864,79656,124198,+,maker;glimmerHMM,cluster008,cluster008,ICBG2046
NODE_19_length_280240_cov_48.570655,126069,189621,+,maker;glimmerHMM,cluster009,cluster009,ICBG2046
NODE_35_length_204097_cov_50.115154,80883,127904,+,maker;glimmerHMM,cluster010,cluster010,ICBG2046
NODE_38_length_197262_cov_41.642534,8026,50575,+,maker;glimmerHMM,cluster011,cluster011,ICBG2046
NODE_38_length_197262_cov_41.642534,62401,114738,+,maker;glimmerHMM,cluster012,cluster012,ICBG2046
NODE_51_length_160311_cov_48.731790,668,22118,+,maker;glimmerHMM,cluster013,cluster013,ICBG2046
NODE_66_length_142711_cov_43.938107,37520,59999,+,maker;glimmerHMM,cluster014,cluster014,ICBG2046
NODE_102_length_84987_cov_44.818513,1,34741,+,maker;glimmerHMM,cluster015,cluster015,ICBG2046
NODE_118_length_70194_cov_41.358771,20165,70194,+,maker;glimmerHMM,cluster016,cluster016,ICBG2046
NODE_1_length_241248_cov_39.503158,64138,127709,+,maker;glimmerHMM,cluster001,cluster001,ICBG2047
NODE_4_length_210447_cov_38.566917,62343,114071,+,maker;glimmerHMM,cluster002,cluster002,ICBG2047
NODE_21_length_125421_cov_45.048302,1,86617,+,maker;glimmerHMM,cluster003,cluster003,ICBG2047
NODE_60_length_87714_cov_36.187003,43739,87714,+,maker;glimmerHMM,cluster007,cluster004,ICBG2047
NODE_74_length_80692_cov_33.216434,47079,80692,+,maker;glimmerHMM,cluster008,cluster005,ICBG2047
NODE_79_length_78528_cov_35.659137,13551,65445,+,maker;glimmerHMM,cluster009,cluster006,ICBG2047
NODE_97_length_71585_cov_37.767220,8583,63477,+,maker;glimmerHMM,cluster010,cluster007,ICBG2047
NODE_119_length_64721_cov_34.638620,14920,56291,+,maker;glimmerHMM,cluster011,cluster008,ICBG2047
NODE_152_length_56901_cov_36.610825,1,41753,+,maker;glimmerHMM,cluster012,cluster009,ICBG2047
NODE_164_length_54481_cov_41.006807,16285,54481,+,maker;glimmerHMM,cluster013,cluster010,ICBG2047
NODE_271_length_37433_cov_36.647349,1403,22855,+,maker;glimmerHMM,cluster014,cluster011,ICBG2047
NODE_308_length_32499_cov_35.065736,1,32499,+,maker;glimmerHMM,cluster015,cluster012,ICBG2047
NODE_373_length_25678_cov_34.314117,13553,25678,+,maker;glimmerHMM,cluster016,cluster013,ICBG2047
NODE_769_length_4203_cov_32.757115,1,4203,+,maker;glimmerHMM,cluster017,cluster015,ICBG2047
NODE_447_length_18853_cov_35.459415,1,18853,+,glimmerHMM,NA,cluster014,ICBG2047
NODE_21_length_125421_cov_45.048302,92422,125421,+,maker,cluster004,NA,ICBG2047
NODE_27_length_115237_cov_37.024316,28370,49335,+,maker,cluster005,NA,ICBG2047
NODE_35_length_101218_cov_37.157027,15171,36566,+,maker,cluster006,NA,ICBG2047
NODE_5_length_89506_cov_39.435673,14017,77585,+,maker;glimmerHMM,cluster001,cluster001,ICBG2048
NODE_30_length_65617_cov_31.762223,1,39130,+,maker;glimmerHMM,cluster002,cluster002,ICBG2048
NODE_56_length_54593_cov_30.665571,13685,54593,+,maker;glimmerHMM,cluster004,cluster003,ICBG2048
NODE_57_length_54532_cov_35.529767,1,46685,+,maker;glimmerHMM,cluster005,cluster004,ICBG2048
NODE_62_length_53685_cov_31.204283,19485,41882,+,maker;glimmerHMM,cluster006,cluster005,ICBG2048
NODE_73_length_48013_cov_33.524684,19156,48013,+,maker;glimmerHMM,cluster007,cluster006,ICBG2048
NODE_177_length_32920_cov_29.684750,1,23486,+,maker;glimmerHMM,cluster008,cluster008,ICBG2048
NODE_197_length_31440_cov_36.017437,1,31440,+,maker;glimmerHMM,cluster009,cluster009,ICBG2048
NODE_211_length_30018_cov_29.492924,7414,28379,+,maker;glimmerHMM,cluster010,cluster010,ICBG2048
NODE_249_length_27333_cov_28.166250,1,27333,+,maker;glimmerHMM,cluster011,cluster011,ICBG2048
NODE_256_length_27109_cov_29.592580,1,27109,+,maker;glimmerHMM,cluster012,cluster012,ICBG2048
NODE_266_length_26459_cov_25.419224,1,26459,+,maker;glimmerHMM,cluster013,cluster013,ICBG2048
NODE_385_length_21092_cov_35.749010,1,21092,+,maker;glimmerHMM,cluster014,cluster014,ICBG2048
NODE_520_length_16842_cov_30.087526,1,16842,+,maker;glimmerHMM,cluster015,cluster015,ICBG2048
NODE_562_length_15740_cov_25.456607,1,15740,+,maker;glimmerHMM,cluster017,cluster016,ICBG2048
NODE_96_length_42520_cov_18.674663,1,29826,+,glimmerHMM,NA,cluster007,ICBG2048
NODE_32_length_64731_cov_35.203826,29385,64731,+,maker,cluster003,NA,ICBG2048
NODE_541_length_16256_cov_30.847728,1,16256,+,maker,cluster016,NA,ICBG2048
scaffold1,67712,119440,+,maker;glimmerHMM,cluster001,cluster001,ICBG2049
scaffold1,184972,207352,+,maker;glimmerHMM,cluster002,cluster002,ICBG2049
scaffold2,74779,138350,+,maker;glimmerHMM,cluster003,cluster003,ICBG2049
scaffold15,1,85825,+,maker;glimmerHMM,cluster004,cluster004,ICBG2049
scaffold15,91463,133851,+,maker;glimmerHMM,cluster005,cluster005,ICBG2049
scaffold26,65488,110059,+,maker;glimmerHMM,cluster007,cluster006,ICBG2049
scaffold69,13735,65629,+,maker;glimmerHMM,cluster009,cluster007,ICBG2049
scaffold76,42026,75550,+,maker;glimmerHMM,cluster010,cluster008,ICBG2049
scaffold84,10835,65729,+,maker;glimmerHMM,cluster011,cluster009,ICBG2049
scaffold86,1,11396,+,maker;glimmerHMM,cluster012,cluster010,ICBG2049
scaffold137,1,39410,+,maker;glimmerHMM,cluster013,cluster011,ICBG2049
scaffold145,16158,54385,+,maker;glimmerHMM,cluster014,cluster012,ICBG2049
scaffold148,797,42168,+,maker;glimmerHMM,cluster015,cluster013,ICBG2049
scaffold257,1,21161,+,maker;glimmerHMM,cluster016,cluster014,ICBG2049
scaffold286,1,32605,+,maker;glimmerHMM,cluster017,cluster015,ICBG2049
scaffold379,1,22755,+,maker;glimmerHMM,cluster018,cluster016,ICBG2049
scaffold24,27989,48954,+,maker,cluster006,NA,ICBG2049
scaffold61,14528,35923,+,maker,cluster008,NA,ICBG2049
scaffold675,1,4471,+,maker,cluster019,NA,ICBG2049
NODE_21_length_277966_cov_46.276628,182089,230195,+,maker;glimmerHMM,cluster001,cluster001,ICBG710
NODE_22_length_277465_cov_41.047130,46651,91503,+,maker;glimmerHMM,cluster002,cluster002,ICBG710
NODE_29_length_239508_cov_44.600256,65859,87526,+,maker;glimmerHMM,cluster003,cluster003,ICBG710
NODE_35_length_223459_cov_41.673714,263,67400,+,maker;glimmerHMM,cluster004,cluster004,ICBG710
NODE_40_length_214900_cov_36.733984,112141,166579,+,maker;glimmerHMM,cluster005,cluster005,ICBG710
NODE_75_length_158243_cov_47.703034,1,24838,+,maker;glimmerHMM,cluster007,cluster006,ICBG710
NODE_78_length_154407_cov_40.081320,1,30226,+,maker;glimmerHMM,cluster008,cluster007,ICBG710
NODE_89_length_141804_cov_38.958490,1,32868,+,maker;glimmerHMM,cluster009,cluster008,ICBG710
NODE_93_length_138598_cov_44.456897,67257,118756,+,maker;glimmerHMM,cluster010,cluster009,ICBG710
NODE_105_length_125599_cov_46.022985,1,11524,+,maker;glimmerHMM,cluster011,cluster010,ICBG710
NODE_119_length_114613_cov_43.556872,759,47692,+,maker;glimmerHMM,cluster012,cluster011,ICBG710
NODE_225_length_59640_cov_33.919681,33672,54637,+,maker;glimmerHMM,cluster013,cluster013,ICBG710
NODE_237_length_53705_cov_42.305648,1,29138,+,maker;glimmerHMM,cluster014,cluster014,ICBG710
NODE_263_length_45321_cov_49.174116,679,45321,+,maker;glimmerHMM,cluster015,cluster015,ICBG710
NODE_280_length_41129_cov_50.544266,1,41129,+,maker;glimmerHMM,cluster016,cluster016,ICBG710
NODE_337_length_27092_cov_51.034489,1,27092,+,maker;glimmerHMM,cluster017,cluster017,ICBG710
NODE_373_length_20539_cov_47.255046,6494,20539,+,maker;glimmerHMM,cluster018,cluster018,ICBG710
NODE_182_length_75839_cov_45.035252,1,32277,+,glimmerHMM,NA,cluster012,ICBG710
NODE_64_length_171899_cov_39.835998,20363,41797,+,maker,cluster006,NA,ICBG710
NODE_375_length_20182_cov_48.140314,1,12107,+,maker,cluster019,NA,ICBG710
NODE_1_length_1425273_cov_58.493042,1271488,1319441,+,maker;glimmerHMM,cluster001,cluster001,ICBG712
NODE_1_length_1425273_cov_58.493042,1333292,1376501,+,maker;glimmerHMM,cluster002,cluster002,ICBG712
NODE_6_length_604053_cov_57.456056,112010,134093,+,maker;glimmerHMM,cluster003,cluster003,ICBG712
NODE_6_length_604053_cov_57.456056,316041,363777,+,maker;glimmerHMM,cluster004,cluster004,ICBG712
NODE_8_length_558485_cov_55.498657,165946,209179,+,maker;glimmerHMM,cluster005,cluster005,ICBG712
NODE_10_length_512366_cov_57.665072,6608,49572,+,maker;glimmerHMM,cluster006,cluster006,ICBG712
NODE_11_length_511883_cov_58.263260,336888,385045,+,maker;glimmerHMM,cluster007,cluster007,ICBG712
NODE_14_length_434291_cov_56.144257,96828,148561,+,maker;glimmerHMM,cluster008,cluster008,ICBG712
NODE_14_length_434291_cov_56.144257,314690,335658,+,maker;glimmerHMM,cluster009,cluster009,ICBG712
NODE_17_length_413467_cov_55.970450,267434,315669,+,maker;glimmerHMM,cluster011,cluster010,ICBG712
NODE_18_length_409824_cov_57.109259,47379,107077,+,maker;glimmerHMM,cluster012,cluster011,ICBG712
NODE_28_length_307899_cov_56.759910,63435,113271,+,maker;glimmerHMM,cluster013,cluster013,ICBG712
NODE_34_length_266141_cov_58.906685,24880,46513,+,maker;glimmerHMM,cluster014,cluster014,ICBG712
NODE_38_length_240074_cov_56.736117,99324,151102,+,maker;glimmerHMM,cluster015,cluster015,ICBG712
NODE_45_length_191285_cov_56.782782,47958,95671,+,maker;glimmerHMM,cluster017,cluster017,ICBG712
NODE_46_length_189133_cov_58.105309,30123,82371,+,maker;glimmerHMM,cluster018,cluster018,ICBG712
NODE_47_length_182279_cov_60.135887,1,118010,+,maker;glimmerHMM,cluster019,cluster019,ICBG712
NODE_65_length_116360_cov_53.310523,13831,61016,+,maker;glimmerHMM,cluster020,cluster020,ICBG712
NODE_69_length_103445_cov_53.786697,1,33985,+,maker;glimmerHMM,cluster021,cluster021,ICBG712
NODE_71_length_98880_cov_54.733821,69369,98880,+,maker;glimmerHMM,cluster022,cluster022,ICBG712
NODE_79_length_71591_cov_35.417091,10682,71591,+,maker;glimmerHMM,cluster023,cluster023,ICBG712
NODE_80_length_69998_cov_49.620873,32064,69998,+,maker;glimmerHMM,cluster024,cluster024,ICBG712
NODE_88_length_60732_cov_54.453395,1,42497,+,maker;glimmerHMM,cluster026,cluster026,ICBG712
NODE_91_length_52642_cov_44.236599,4331,52642,+,maker;glimmerHMM,cluster027,cluster027,ICBG712
NODE_102_length_43697_cov_38.328919,1,33240,+,maker;glimmerHMM,cluster028,cluster028,ICBG712
NODE_113_length_34067_cov_45.454979,1,34067,+,maker;glimmerHMM,cluster029,cluster029,ICBG712
NODE_117_length_32271_cov_56.218423,1,32271,+,maker;glimmerHMM,cluster030,cluster030,ICBG712
NODE_157_length_19181_cov_44.453658,1,19181,+,maker;glimmerHMM,cluster031,cluster031,ICBG712
NODE_19_length_399495_cov_56.963753,4382,26082,+,glimmerHMM,NA,cluster012,ICBG712
NODE_43_length_196090_cov_50.533157,161472,182470,+,glimmerHMM,NA,cluster016,ICBG712
NODE_81_length_69237_cov_51.523499,47962,69207,+,glimmerHMM,NA,cluster025,ICBG712
NODE_15_length_426026_cov_57.133846,235126,283587,+,maker,cluster010,NA,ICBG712
NODE_40_length_236980_cov_57.581306,207591,236980,+,maker,cluster016,NA,ICBG712
NODE_86_length_61492_cov_57.350379,1,25228,+,maker,cluster025,NA,ICBG712
NODE_1_length_1091443_cov_63.945247,21259,64468,+,maker;glimmerHMM,cluster001,cluster001,ICBG721
NODE_1_length_1091443_cov_63.945247,78521,126477,+,maker;glimmerHMM,cluster002,cluster002,ICBG721
NODE_4_length_886839_cov_63.192135,623904,677966,+,maker;glimmerHMM,cluster003,cluster004,ICBG721
NODE_12_length_536238_cov_57.715738,350297,406941,+,maker;glimmerHMM,cluster004,cluster006,ICBG721
NODE_12_length_536238_cov_57.715738,419029,499516,+,maker;glimmerHMM,cluster005,cluster007,ICBG721
NODE_15_length_474549_cov_63.245189,249691,292924,+,maker;glimmerHMM,cluster006,cluster008,ICBG721
NODE_17_length_449563_cov_64.535306,233478,284938,+,maker;glimmerHMM,cluster007,cluster009,ICBG721
NODE_17_length_449563_cov_64.535306,428403,449371,+,maker;glimmerHMM,cluster008,cluster010,ICBG721
NODE_18_length_437960_cov_63.438948,127059,170774,+,maker;glimmerHMM,cluster009,cluster011,ICBG721
NODE_22_length_390111_cov_61.126862,187237,234960,+,maker;glimmerHMM,cluster010,cluster012,ICBG721
NODE_23_length_388669_cov_60.231074,358885,380518,+,maker;glimmerHMM,cluster011,cluster013,ICBG721
NODE_25_length_361630_cov_63.766165,42941,65041,+,maker;glimmerHMM,cluster012,cluster014,ICBG721
NODE_29_length_309253_cov_63.563806,48008,90972,+,maker;glimmerHMM,cluster013,cluster015,ICBG721
NODE_31_length_299942_cov_60.100205,8152,86737,+,maker;glimmerHMM,cluster014,cluster016,ICBG721
NODE_31_length_299942_cov_60.100205,143910,190817,+,maker;glimmerHMM,cluster015,cluster017,ICBG721
NODE_33_length_285618_cov_58.526770,120746,172524,+,maker;glimmerHMM,cluster016,cluster018,ICBG721
NODE_38_length_263057_cov_61.801365,36882,85288,+,maker;glimmerHMM,cluster017,cluster019,ICBG721
NODE_45_length_209680_cov_63.518675,14159,66407,+,maker;glimmerHMM,cluster018,cluster021,ICBG721
NODE_47_length_201026_cov_60.700606,1512,49756,+,maker;glimmerHMM,cluster019,cluster022,ICBG721
NODE_51_length_193675_cov_65.103308,7216,59689,+,maker;glimmerHMM,cluster020,cluster023,ICBG721
NODE_53_length_191911_cov_59.374833,16469,63651,+,maker;glimmerHMM,cluster021,cluster024,ICBG721
NODE_64_length_129700_cov_59.344385,11224,62562,+,maker;glimmerHMM,cluster022,cluster025,ICBG721
NODE_69_length_112865_cov_56.706621,1190,47229,+,maker;glimmerHMM,cluster023,cluster026,ICBG721
NODE_73_length_101209_cov_54.810481,45606,94141,+,maker;glimmerHMM,cluster025,cluster027,ICBG721
NODE_76_length_92624_cov_59.893770,38313,88162,+,maker;glimmerHMM,cluster026,cluster028,ICBG721
NODE_79_length_83096_cov_56.908086,13109,61006,+,maker;glimmerHMM,cluster027,cluster029,ICBG721
NODE_101_length_48865_cov_59.438549,1,31012,+,maker;glimmerHMM,cluster028,cluster030,ICBG721
NODE_102_length_48716_cov_55.795180,6607,48716,+,maker;glimmerHMM,cluster029,cluster031,ICBG721
NODE_110_length_41835_cov_66.776014,4215,28597,+,maker;glimmerHMM,cluster030,cluster032,ICBG721
NODE_3_length_925979_cov_65.326036,749033,799883,+,glimmerHMM,NA,cluster003,ICBG721
NODE_4_length_886839_cov_63.192135,803866,825111,+,glimmerHMM,NA,cluster005,ICBG721
NODE_39_length_260034_cov_65.474450,188234,209232,+,glimmerHMM,NA,cluster020,ICBG721
NODE_71_length_104112_cov_67.682839,55541,103719,+,maker,cluster024,NA,ICBG721
NODE_1_length_883239_cov_54.878836,702056,748684,+,maker;glimmerHMM,cluster001,cluster001,ICBG726
NODE_4_length_535112_cov_62.228238,51798,73175,+,maker;glimmerHMM,cluster002,cluster002,ICBG726
NODE_4_length_535112_cov_62.228238,85911,106896,+,maker;glimmerHMM,cluster003,cluster003,ICBG726
NODE_14_length_243829_cov_75.711767,89431,144199,+,maker;glimmerHMM,cluster005,cluster004,ICBG726
NODE_14_length_243829_cov_75.711767,166383,210793,+,maker;glimmerHMM,cluster006,cluster005,ICBG726
NODE_15_length_235441_cov_69.504560,197396,235441,+,maker;glimmerHMM,cluster007,cluster006,ICBG726
NODE_18_length_222320_cov_75.220682,20813,67696,+,maker;glimmerHMM,cluster008,cluster007,ICBG726
NODE_21_length_204983_cov_73.166083,164777,186686,+,maker;glimmerHMM,cluster009,cluster008,ICBG726
NODE_22_length_202737_cov_78.199719,179317,200799,+,maker;glimmerHMM,cluster010,cluster009,ICBG726
NODE_28_length_190645_cov_33.251430,1,30915,+,maker;glimmerHMM,cluster011,cluster010,ICBG726
NODE_65_length_125574_cov_75.988346,8223,60564,+,maker;glimmerHMM,cluster012,cluster011,ICBG726
NODE_71_length_114124_cov_74.649517,30850,75529,+,maker;glimmerHMM,cluster013,cluster012,ICBG726
NODE_77_length_106811_cov_74.852405,1,16490,+,maker;glimmerHMM,cluster014,cluster013,ICBG726
NODE_88_length_92074_cov_72.134588,60487,92074,+,maker;glimmerHMM,cluster015,cluster014,ICBG726
NODE_90_length_91455_cov_78.090465,48596,91455,+,maker;glimmerHMM,cluster016,cluster015,ICBG726
NODE_91_length_90328_cov_77.894746,37816,90328,+,maker;glimmerHMM,cluster017,cluster016,ICBG726
NODE_103_length_81986_cov_73.659365,1,40421,+,maker;glimmerHMM,cluster018,cluster017,ICBG726
NODE_107_length_80734_cov_75.182404,23385,71533,+,maker;glimmerHMM,cluster019,cluster018,ICBG726
NODE_156_length_49508_cov_77.687187,13799,49508,+,maker;glimmerHMM,cluster020,cluster019,ICBG726
NODE_170_length_42932_cov_72.195351,29100,42932,+,maker;glimmerHMM,cluster021,cluster020,ICBG726
NODE_258_length_13452_cov_74.387542,1,13452,+,maker;glimmerHMM,cluster023,cluster021,ICBG726
NODE_4_length_535112_cov_62.228238,244374,265858,+,maker,cluster004,NA,ICBG726
NODE_231_length_19969_cov_77.250227,1,19969,+,maker,cluster022,NA,ICBG726
NODE_6_length_149138_cov_30.386354,59247,81748,+,maker;glimmerHMM,cluster001,cluster001,ICBG730
NODE_42_length_83770_cov_31.605107,1,39213,+,maker;glimmerHMM,cluster002,cluster002,ICBG730
NODE_47_length_79825_cov_31.706279,28863,50539,+,maker;glimmerHMM,cluster003,cluster003,ICBG730
NODE_65_length_71960_cov_30.215430,42278,71960,+,maker;glimmerHMM,cluster004,cluster004,ICBG730
NODE_71_length_70377_cov_27.669423,16236,70377,+,maker;glimmerHMM,cluster005,cluster005,ICBG730
NODE_83_length_65182_cov_30.177634,37445,65182,+,maker;glimmerHMM,cluster006,cluster006,ICBG730
NODE_91_length_63781_cov_27.913972,1,35672,+,maker;glimmerHMM,cluster007,cluster007,ICBG730
NODE_94_length_61834_cov_29.456123,12909,60406,+,maker;glimmerHMM,cluster008,cluster008,ICBG730
NODE_104_length_59774_cov_30.899123,1,59774,+,maker;glimmerHMM,cluster009,cluster009,ICBG730
NODE_119_length_57275_cov_32.087055,1,46538,+,maker;glimmerHMM,cluster010,cluster010,ICBG730
NODE_173_length_46499_cov_28.401471,7843,46499,+,maker;glimmerHMM,cluster011,cluster011,ICBG730
NODE_226_length_40689_cov_31.775011,23145,40689,+,maker;glimmerHMM,cluster012,cluster012,ICBG730
NODE_275_length_35904_cov_30.470582,1,35904,+,maker;glimmerHMM,cluster013,cluster013,ICBG730
NODE_331_length_31741_cov_31.930347,1,22159,+,maker;glimmerHMM,cluster014,cluster014,ICBG730
NODE_396_length_26912_cov_33.003472,1,26912,+,maker;glimmerHMM,cluster015,cluster015,ICBG730
NODE_424_length_24876_cov_30.236414,1,24876,+,maker;glimmerHMM,cluster016,cluster016,ICBG730
NODE_445_length_23575_cov_35.247228,1,23575,+,maker;glimmerHMM,cluster017,cluster017,ICBG730
NODE_784_length_10847_cov_31.413153,1,10847,+,maker;glimmerHMM,cluster019,cluster018,ICBG730
NODE_533_length_19204_cov_31.048855,1,15397,+,maker,cluster018,NA,ICBG730
scaffold1,110057,156722,+,maker;glimmerHMM,cluster001,cluster001,ICBG731
scaffold3,226930,271640,+,maker;glimmerHMM,cluster002,cluster002,ICBG731
scaffold7,280053,301018,+,maker;glimmerHMM,cluster003,cluster003,ICBG731
scaffold9,1,33664,+,maker;glimmerHMM,cluster004,cluster004,ICBG731
scaffold15,1509,48877,+,maker;glimmerHMM,cluster005,cluster005,ICBG731
scaffold19,80712,148688,+,maker;glimmerHMM,cluster006,cluster006,ICBG731
scaffold20,52455,118253,+,maker;glimmerHMM,cluster007,cluster007,ICBG731
scaffold20,153651,198194,+,maker;glimmerHMM,cluster008,cluster008,ICBG731
scaffold21,1,24877,+,maker;glimmerHMM,cluster009,cluster009,ICBG731
scaffold28,66873,145627,+,maker;glimmerHMM,cluster011,cluster010,ICBG731
scaffold33,87577,141270,+,maker;glimmerHMM,cluster012,cluster011,ICBG731
scaffold35,165934,196407,+,maker;glimmerHMM,cluster013,cluster012,ICBG731
scaffold51,120413,142832,+,maker;glimmerHMM,cluster014,cluster013,ICBG731
scaffold54,21870,43377,+,maker;glimmerHMM,cluster015,cluster014,ICBG731
scaffold55,34950,56707,+,maker;glimmerHMM,cluster016,cluster015,ICBG731
scaffold70,109279,130322,+,maker;glimmerHMM,cluster017,cluster016,ICBG731
scaffold121,1,50446,+,maker;glimmerHMM,cluster018,cluster017,ICBG731
scaffold135,13782,57114,+,maker;glimmerHMM,cluster019,cluster018,ICBG731
scaffold166,1,50934,+,maker;glimmerHMM,cluster020,cluster019,ICBG731
scaffold245,1,19888,+,maker;glimmerHMM,cluster022,cluster020,ICBG731
scaffold23,63351,85615,+,maker,cluster010,NA,ICBG731
scaffold207,12710,34368,+,maker,cluster021,NA,ICBG731
NODE_2_length_436630_cov_48.410920,257442,279615,+,maker;glimmerHMM,cluster001,cluster001,ICBG733
NODE_4_length_373113_cov_48.026344,109248,156234,+,maker;glimmerHMM,cluster002,cluster002,ICBG733
NODE_10_length_272981_cov_47.056631,27547,48881,+,maker;glimmerHMM,cluster003,cluster003,ICBG733
NODE_13_length_225485_cov_46.082997,168803,212314,+,maker;glimmerHMM,cluster004,cluster004,ICBG733
NODE_20_length_197905_cov_46.958691,92440,137066,+,maker;glimmerHMM,cluster005,cluster005,ICBG733
NODE_30_length_164047_cov_50.852452,1,58739,+,maker;glimmerHMM,cluster006,cluster006,ICBG733
NODE_30_length_164047_cov_50.852452,87354,131867,+,maker;glimmerHMM,cluster007,cluster007,ICBG733
NODE_33_length_159463_cov_46.963304,106444,153938,+,maker;glimmerHMM,cluster008,cluster008,ICBG733
NODE_42_length_137852_cov_50.664985,1,36694,+,maker;glimmerHMM,cluster009,cluster009,ICBG733
NODE_73_length_101930_cov_48.508728,1,56599,+,maker;glimmerHMM,cluster010,cluster010,ICBG733
NODE_89_length_88509_cov_48.591704,1,37687,+,maker;glimmerHMM,cluster011,cluster011,ICBG733
NODE_99_length_84140_cov_47.678228,70488,84140,+,maker;glimmerHMM,cluster012,cluster012,ICBG733
NODE_102_length_82253_cov_48.393968,20677,77657,+,maker;glimmerHMM,cluster013,cluster013,ICBG733
NODE_125_length_73241_cov_46.432147,247,73241,+,maker;glimmerHMM,cluster014,cluster014,ICBG733
NODE_128_length_72834_cov_48.084201,36244,57922,+,maker;glimmerHMM,cluster015,cluster015,ICBG733
NODE_133_length_71541_cov_34.290181,8222,55464,+,maker;glimmerHMM,cluster016,cluster016,ICBG733
NODE_146_length_66472_cov_43.561384,47712,66472,+,maker;glimmerHMM,cluster017,cluster017,ICBG733
NODE_149_length_64014_cov_46.320316,25846,64014,+,maker;glimmerHMM,cluster018,cluster018,ICBG733
NODE_154_length_62645_cov_42.849579,28332,49800,+,maker;glimmerHMM,cluster019,cluster019,ICBG733
NODE_250_length_35002_cov_51.629591,1,35002,+,maker;glimmerHMM,cluster020,cluster020,ICBG733
NODE_292_length_27272_cov_41.950893,1,27272,+,maker;glimmerHMM,cluster021,cluster021,ICBG733
NODE_1_length_587648_cov_59.069856,108792,156249,+,maker;glimmerHMM,cluster001,cluster001,ICBG736
NODE_3_length_417995_cov_62.188878,227244,271954,+,maker;glimmerHMM,cluster002,cluster002,ICBG736
NODE_5_length_406391_cov_59.664661,274818,295783,+,maker;glimmerHMM,cluster003,cluster003,ICBG736
NODE_9_length_360801_cov_59.734333,1,33830,+,maker;glimmerHMM,cluster004,cluster005,ICBG736
NODE_16_length_271244_cov_54.321418,402,47770,+,maker;glimmerHMM,cluster005,cluster006,ICBG736
NODE_18_length_263919_cov_58.511937,48990,114780,+,maker;glimmerHMM,cluster006,cluster007,ICBG736
NODE_18_length_263919_cov_58.511937,150974,195520,+,maker;glimmerHMM,cluster007,cluster008,ICBG736
NODE_24_length_223128_cov_59.763692,68423,136305,+,maker;glimmerHMM,cluster008,cluster009,ICBG736
NODE_26_length_216976_cov_59.063085,67965,146433,+,maker;glimmerHMM,cluster009,cluster010,ICBG736
NODE_41_length_182320_cov_50.041050,151894,182320,+,maker;glimmerHMM,cluster010,cluster011,ICBG736
NODE_44_length_177198_cov_63.272365,22880,44387,+,maker;glimmerHMM,cluster012,cluster012,ICBG736
NODE_47_length_172782_cov_53.497095,35382,57139,+,maker;glimmerHMM,cluster013,cluster013,ICBG736
NODE_48_length_172563_cov_64.011529,63887,117580,+,maker;glimmerHMM,cluster014,cluster014,ICBG736
NODE_52_length_169077_cov_55.830139,119196,141615,+,maker;glimmerHMM,cluster015,cluster015,ICBG736
NODE_67_length_147136_cov_60.842554,109578,130621,+,maker;glimmerHMM,cluster016,cluster016,ICBG736
NODE_133_length_85966_cov_59.288575,3274,56780,+,maker;glimmerHMM,cluster017,cluster017,ICBG736
NODE_136_length_84092_cov_53.172191,15468,58800,+,maker;glimmerHMM,cluster018,cluster018,ICBG736
NODE_168_length_61893_cov_61.314008,1,50736,+,maker;glimmerHMM,cluster019,cluster019,ICBG736
NODE_257_length_18025_cov_59.570343,1,18025,+,maker;glimmerHMM,cluster021,cluster020,ICBG736
NODE_8_length_366918_cov_58.761630,1,40163,+,glimmerHMM,NA,cluster004,ICBG736
NODE_43_length_178737_cov_61.249762,29170,51434,+,maker,cluster011,NA,ICBG736
NODE_212_length_36096_cov_61.898802,12704,34362,+,maker,cluster020,NA,ICBG736
NODE_7_length_69224_cov_12.406588,1,33236,+,maker;glimmerHMM,cluster001,cluster001,ICBG742
NODE_14_length_64422_cov_13.232880,1,42223,+,maker;glimmerHMM,cluster002,cluster002,ICBG742
NODE_20_length_59341_cov_12.014659,3918,26360,+,maker;glimmerHMM,cluster003,cluster003,ICBG742
NODE_21_length_57629_cov_13.004313,1,49102,+,maker;glimmerHMM,cluster004,cluster004,ICBG742
NODE_27_length_54989_cov_13.384565,7022,51551,+,maker;glimmerHMM,cluster005,cluster005,ICBG742
NODE_40_length_49187_cov_11.487525,17572,49187,+,maker;glimmerHMM,cluster006,cluster006,ICBG742
NODE_64_length_42211_cov_13.338632,10626,42211,+,maker;glimmerHMM,cluster007,cluster007,ICBG742
NODE_83_length_39204_cov_10.749495,1,39204,+,maker;glimmerHMM,cluster008,cluster008,ICBG742
NODE_94_length_38267_cov_10.824200,1,35546,+,maker;glimmerHMM,cluster009,cluster009,ICBG742
NODE_99_length_37366_cov_11.856253,1,22388,+,maker;glimmerHMM,cluster010,cluster010,ICBG742
NODE_116_length_35151_cov_12.317754,1,35151,+,maker;glimmerHMM,cluster011,cluster011,ICBG742
NODE_125_length_34041_cov_12.777408,1,34041,+,maker;glimmerHMM,cluster012,cluster012,ICBG742
NODE_157_length_31222_cov_12.603956,1,31222,+,maker;glimmerHMM,cluster013,cluster013,ICBG742
NODE_164_length_30514_cov_14.137822,1,30514,+,maker;glimmerHMM,cluster014,cluster014,ICBG742
NODE_213_length_27537_cov_12.003904,1,27537,+,maker;glimmerHMM,cluster016,cluster015,ICBG742
NODE_226_length_26917_cov_11.854498,1,26917,+,maker;glimmerHMM,cluster017,cluster016,ICBG742
NODE_239_length_26208_cov_11.335992,1,26208,+,maker;glimmerHMM,cluster018,cluster017,ICBG742
NODE_259_length_24863_cov_13.213252,1,24863,+,maker;glimmerHMM,cluster019,cluster018,ICBG742
NODE_347_length_20526_cov_10.528997,1,14936,+,maker;glimmerHMM,cluster020,cluster019,ICBG742
NODE_506_length_15933_cov_13.802100,1,11875,+,maker;glimmerHMM,cluster021,cluster020,ICBG742
NODE_731_length_11863_cov_10.548483,1,11863,+,maker;glimmerHMM,cluster022,cluster021,ICBG742
NODE_812_length_10838_cov_13.029876,1,10838,+,maker;glimmerHMM,cluster023,cluster022,ICBG742
NODE_1115_length_7481_cov_11.918684,1,7481,+,maker;glimmerHMM,cluster024,cluster023,ICBG742
NODE_1178_length_6927_cov_12.814559,1,6927,+,maker;glimmerHMM,cluster025,cluster024,ICBG742
NODE_2163_length_1997_cov_11.065241,1,1997,+,maker;glimmerHMM,cluster026,cluster025,ICBG742
NODE_168_length_30205_cov_11.990990,7295,28864,+,maker,cluster015,NA,ICBG742
NODE_2_length_835251_cov_43.524260,658966,680631,+,maker;glimmerHMM,cluster001,cluster001,ICBG751
NODE_4_length_775689_cov_45.339792,483404,528019,+,maker;glimmerHMM,cluster002,cluster002,ICBG751
NODE_10_length_533797_cov_51.760206,384264,431901,+,maker;glimmerHMM,cluster003,cluster003,ICBG751
NODE_11_length_501630_cov_42.910320,461260,482691,+,maker;glimmerHMM,cluster004,cluster004,ICBG751
NODE_13_length_438591_cov_42.476801,256866,303849,+,maker;glimmerHMM,cluster005,cluster005,ICBG751
NODE_17_length_399465_cov_44.223703,358410,399465,+,maker;glimmerHMM,cluster006,cluster006,ICBG751
NODE_21_length_366562_cov_50.008967,5302,62255,+,maker;glimmerHMM,cluster007,cluster007,ICBG751
NODE_23_length_358045_cov_48.915774,46004,90503,+,maker;glimmerHMM,cluster008,cluster008,ICBG751
NODE_23_length_358045_cov_48.915774,140380,188333,+,maker;glimmerHMM,cluster009,cluster009,ICBG751
NODE_27_length_320397_cov_47.034040,210124,231170,+,maker;glimmerHMM,cluster010,cluster010,ICBG751
NODE_39_length_280547_cov_51.498181,43534,65123,+,maker;glimmerHMM,cluster011,cluster011,ICBG751
NODE_41_length_270935_cov_45.967634,1,36532,+,maker;glimmerHMM,cluster012,cluster012,ICBG751
NODE_50_length_212868_cov_52.920913,49815,71981,+,maker;glimmerHMM,cluster013,cluster013,ICBG751
NODE_56_length_196720_cov_42.575295,90474,134899,+,maker;glimmerHMM,cluster014,cluster014,ICBG751
NODE_62_length_172548_cov_43.885727,31523,74833,+,maker;glimmerHMM,cluster015,cluster015,ICBG751
NODE_65_length_163965_cov_47.333183,8709,55937,+,maker;glimmerHMM,cluster016,cluster016,ICBG751
NODE_88_length_110608_cov_47.684317,54271,107222,+,maker;glimmerHMM,cluster018,cluster017,ICBG751
NODE_107_length_82174_cov_51.600522,69958,82174,+,maker;glimmerHMM,cluster020,cluster018,ICBG751
NODE_110_length_80857_cov_46.556113,5936,27225,+,maker;glimmerHMM,cluster021,cluster019,ICBG751
NODE_114_length_77528_cov_51.197749,48808,70409,+,maker;glimmerHMM,cluster022,cluster020,ICBG751
NODE_126_length_64136_cov_33.185474,2581,50574,+,maker;glimmerHMM,cluster023,cluster021,ICBG751
NODE_130_length_59890_cov_52.343641,1,35736,+,maker;glimmerHMM,cluster024,cluster022,ICBG751
NODE_76_length_137587_cov_53.700800,90573,113002,+,maker,cluster017,NA,ICBG751
NODE_95_length_97103_cov_54.011137,64305,97103,+,maker,cluster019,NA,ICBG751
LGSR01000020.1,1,41522,+,maker;glimmerHMM,cluster001,cluster001,LGSR00000000
LGSR01000020.1,2527607,2549030,+,maker;glimmerHMM,cluster002,cluster002,LGSR00000000
LGSR01000006.1,116060,163281,+,maker;glimmerHMM,cluster003,cluster005,LGSR00000000
LGSR01000006.1,1134315,1181339,+,maker;glimmerHMM,cluster004,cluster007,LGSR00000000
LGSR01000002.1,656025,707639,+,maker;glimmerHMM,cluster005,cluster013,LGSR00000000
LGSR01000002.1,2242136,2287639,+,maker;glimmerHMM,cluster006,cluster015,LGSR00000000
LGSR01000028.1,2482,49917,+,maker;glimmerHMM,cluster007,cluster021,LGSR00000000
LGSR01000028.1,834681,856793,+,maker;glimmerHMM,cluster008,cluster022,LGSR00000000
LGSR01000020.1,4508687,4529730,+,glimmerHMM,NA,cluster003,LGSR00000000
LGSR01000006.1,35384,82065,+,glimmerHMM,NA,cluster004,LGSR00000000
LGSR01000006.1,364012,422171,+,glimmerHMM,NA,cluster006,LGSR00000000
LGSR01000006.1,2489098,2513711,+,glimmerHMM,NA,cluster008,LGSR00000000
LGSR01000006.1,3071472,3116455,+,glimmerHMM,NA,cluster009,LGSR00000000
LGSR01000006.1,3606422,3653935,+,glimmerHMM,NA,cluster010,LGSR00000000
LGSR01000022.1,3505629,3558394,+,glimmerHMM,NA,cluster011,LGSR00000000
LGSR01000022.1,3654977,3698297,+,glimmerHMM,NA,cluster012,LGSR00000000
LGSR01000002.1,1614388,1659834,+,glimmerHMM,NA,cluster014,LGSR00000000
LGSR01000008.1,11056,65226,+,glimmerHMM,NA,cluster016,LGSR00000000
LGSR01000008.1,220258,241592,+,glimmerHMM,NA,cluster017,LGSR00000000
LGSR01000008.1,613924,635681,+,glimmerHMM,NA,cluster018,LGSR00000000
LGSR01000019.1,197570,243262,+,glimmerHMM,NA,cluster019,LGSR00000000
LGSR01000019.1,900937,968965,+,glimmerHMM,NA,cluster020,LGSR00000000
NIGB01000001.1,51963,96490,+,maker;glimmerHMM,cluster001,cluster001,NIGB00000000
NIGB01000001.1,131709,196752,+,maker;glimmerHMM,cluster002,cluster002,NIGB00000000
NIGB01000001.1,382161,437073,+,maker;glimmerHMM,cluster003,cluster003,NIGB00000000
NIGB01000001.1,1137454,1185067,+,maker;glimmerHMM,cluster004,cluster004,NIGB00000000
NIGB01000001.1,2513175,2535446,+,maker;glimmerHMM,cluster005,cluster005,NIGB00000000
NIGB01000001.1,3109181,3152792,+,maker;glimmerHMM,cluster006,cluster006,NIGB00000000
NIGB01000001.1,3653015,3700530,+,maker;glimmerHMM,cluster007,cluster007,NIGB00000000
NIGB01000001.1,4850755,4903356,+,maker;glimmerHMM,cluster008,cluster008,NIGB00000000
NIGB01000001.1,5000550,5043894,+,maker;glimmerHMM,cluster009,cluster009,NIGB00000000
NIGB01000002.1,1602284,1648636,+,maker;glimmerHMM,cluster010,cluster010,NIGB00000000
NIGB01000002.1,1812768,1833733,+,maker;glimmerHMM,cluster011,cluster011,NIGB00000000
NIGB01000002.1,2209499,2231253,+,maker;glimmerHMM,cluster012,cluster012,NIGB00000000
NIGB01000003.1,1176395,1197438,+,maker;glimmerHMM,cluster013,cluster013,NIGB00000000
NIGB01000003.1,3178530,3200979,+,maker;glimmerHMM,cluster014,cluster014,NIGB00000000
NIGB01000003.1,3989251,4021557,+,maker;glimmerHMM,cluster015,cluster015,NIGB00000000
NIGB01000004.1,383,47699,+,maker;glimmerHMM,cluster016,cluster016,NIGB00000000
NIGB01000005.1,265789,312009,+,maker;glimmerHMM,cluster017,cluster017,NIGB00000000
NIGB01000005.1,916823,960710,+,maker;glimmerHMM,cluster018,cluster018,NIGB00000000
NIGB01000005.1,1872167,1949718,+,maker;glimmerHMM,cluster019,cluster019,NIGB00000000
NIGB01000006.1,1832539,1854208,+,maker;glimmerHMM,cluster020,cluster020,NIGB00000000
NIGB01000008.1,1327247,1395341,+,maker;glimmerHMM,cluster022,cluster022,NIGB00000000
NIGB01000008.1,628199,674024,+,glimmerHMM,NA,cluster021,NIGB00000000
NIGB01000008.1,1144444,1166015,+,maker,cluster021,NA,NIGB00000000
NIGC01000001.1,206868,251521,+,maker;glimmerHMM,cluster001,cluster001,NIGC00000000
NIGC01000001.1,285535,351316,+,maker;glimmerHMM,cluster002,cluster002,NIGC00000000
NIGC01000001.1,539544,594447,+,maker;glimmerHMM,cluster003,cluster003,NIGC00000000
NIGC01000001.1,1344127,1391813,+,maker;glimmerHMM,cluster004,cluster004,NIGC00000000
NIGC01000001.1,2314302,2336727,+,maker;glimmerHMM,cluster005,cluster005,NIGC00000000
NIGC01000002.1,129551,173158,+,maker;glimmerHMM,cluster006,cluster006,NIGC00000000
NIGC01000002.1,684681,731867,+,maker;glimmerHMM,cluster007,cluster007,NIGC00000000
NIGC01000002.1,2886994,2955468,+,maker;glimmerHMM,cluster008,cluster009,NIGC00000000
NIGC01000003.1,22435,68224,+,maker;glimmerHMM,cluster009,cluster010,NIGC00000000
NIGC01000004.1,3576566,3629049,+,maker;glimmerHMM,cluster010,cluster011,NIGC00000000
NIGC01000004.1,3727850,3771264,+,maker;glimmerHMM,cluster011,cluster012,NIGC00000000
NIGC01000005.1,1946930,1967895,+,maker;glimmerHMM,cluster012,cluster014,NIGC00000000
NIGC01000005.1,2364383,2386122,+,maker;glimmerHMM,cluster013,cluster015,NIGC00000000
NIGC01000006.1,1232457,1253500,+,maker;glimmerHMM,cluster014,cluster016,NIGC00000000
NIGC01000007.1,1070298,1092758,+,maker;glimmerHMM,cluster015,cluster017,NIGC00000000
NIGC01000007.1,1917020,1950368,+,maker;glimmerHMM,cluster016,cluster018,NIGC00000000
NIGC01000008.1,480493,501898,+,maker;glimmerHMM,cluster017,cluster019,NIGC00000000
NIGC01000010.1,108058,186823,+,maker;glimmerHMM,cluster018,cluster020,NIGC00000000
NIGC01000010.1,1516246,1563267,+,maker;glimmerHMM,cluster020,cluster021,NIGC00000000
NIGC01000002.1,2151799,2195919,+,glimmerHMM,NA,cluster008,NIGC00000000
NIGC01000005.1,1716982,1772086,+,glimmerHMM,NA,cluster013,NIGC00000000
NIGC01000010.1,1206582,1250999,+,maker,cluster019,NA,NIGC00000000
NIGD01000001.1,128227,171586,+,maker;glimmerHMM,cluster001,cluster001,NIGD00000000
NIGD01000001.1,374100,431787,+,maker;glimmerHMM,cluster002,cluster002,NIGD00000000
NIGD01000001.1,1381542,1429555,+,maker;glimmerHMM,cluster003,cluster003,NIGD00000000
NIGD01000001.1,3938744,3982395,+,maker;glimmerHMM,cluster005,cluster004,NIGD00000000
NIGD01000001.1,6072581,6093837,+,maker;glimmerHMM,cluster006,cluster005,NIGD00000000
NIGD01000001.1,6630598,6652310,+,maker;glimmerHMM,cluster007,cluster006,NIGD00000000
NIGD01000002.1,630076,678178,+,maker;glimmerHMM,cluster008,cluster007,NIGD00000000
NIGD01000003.1,1,42680,+,maker;glimmerHMM,cluster009,cluster008,NIGD00000000
NIGD01000003.1,5997218,6049864,+,maker;glimmerHMM,cluster010,cluster009,NIGD00000000
NIGD01000003.1,6195486,6231689,+,maker;glimmerHMM,cluster011,cluster010,NIGD00000000
NIGD01000004.1,1447756,1470255,+,maker;glimmerHMM,cluster012,cluster011,NIGD00000000
NIGD01000004.1,4463077,4510569,+,maker;glimmerHMM,cluster013,cluster012,NIGD00000000
NIGD01000005.1,864592,916500,+,maker;glimmerHMM,cluster014,cluster013,NIGD00000000
NIGD01000005.1,2323614,2368552,+,maker;glimmerHMM,cluster015,cluster014,NIGD00000000
NIGD01000005.1,3140381,3187407,+,maker;glimmerHMM,cluster016,cluster015,NIGD00000000
NIGD01000010.1,65188,118500,+,maker;glimmerHMM,cluster017,cluster017,NIGD00000000
NIGD01000011.1,2546567,2568062,+,maker;glimmerHMM,cluster018,cluster020,NIGD00000000
NIGD01000009.1,382860,434505,+,glimmerHMM,NA,cluster016,NIGD00000000
NIGD01000010.1,318183,339637,+,glimmerHMM,NA,cluster018,NIGD00000000
NIGD01000010.1,965316,1009259,+,glimmerHMM,NA,cluster019,NIGD00000000
NIGD01000001.1,3232263,3255189,+,maker,cluster004,NA,NIGD00000000
NQYQ01000001.1,2892496,2944975,+,maker;glimmerHMM,cluster001,cluster001,NQYQ00000000
NQYQ01000001.1,3045515,3088929,+,maker;glimmerHMM,cluster002,cluster002,NQYQ00000000
NQYQ01000003.1,171142,214749,+,maker;glimmerHMM,cluster003,cluster003,NQYQ00000000
NQYQ01000003.1,717333,764519,+,maker;glimmerHMM,cluster004,cluster004,NQYQ00000000
NQYQ01000006.1,820501,868032,+,maker;glimmerHMM,cluster005,cluster005,NQYQ00000000
NQYQ01000007.1,308703,330442,+,maker;glimmerHMM,cluster006,cluster006,NQYQ00000000
NQYQ01000007.1,725508,746473,+,maker;glimmerHMM,cluster007,cluster007,NQYQ00000000
NQYQ01000007.1,926256,978253,+,maker;glimmerHMM,cluster008,cluster008,NQYQ00000000
NQYQ01000008.1,255067,333288,+,maker;glimmerHMM,cluster009,cluster009,NQYQ00000000
NQYQ01000009.1,402726,460004,+,maker;glimmerHMM,cluster010,cluster010,NQYQ00000000
NQYQ01000009.1,663718,729433,+,maker;glimmerHMM,cluster011,cluster011,NQYQ00000000
NQYQ01000009.1,763334,807987,+,maker;glimmerHMM,cluster012,cluster012,NQYQ00000000
NQYQ01000018.1,519042,540085,+,maker;glimmerHMM,cluster013,cluster014,NQYQ00000000
NQYQ01000019.1,324397,346864,+,maker;glimmerHMM,cluster014,cluster015,NQYQ00000000
NQYQ01000020.1,220537,287510,+,maker;glimmerHMM,cluster015,cluster016,NQYQ00000000
NQYQ01000023.1,301332,322483,+,maker;glimmerHMM,cluster016,cluster017,NQYQ00000000
NQYQ01000024.1,211368,257723,+,maker;glimmerHMM,cluster017,cluster018,NQYQ00000000
NQYQ01000025.1,102020,124306,+,maker;glimmerHMM,cluster018,cluster019,NQYQ00000000
NQYQ01000045.1,21312,67101,+,maker;glimmerHMM,cluster019,cluster020,NQYQ00000000
NQYQ01000048.1,89360,110765,+,maker;glimmerHMM,cluster021,cluster021,NQYQ00000000
NQYQ01000057.1,52026,84196,+,maker;glimmerHMM,cluster022,cluster022,NQYQ00000000
NQYQ01000016.1,403608,449666,+,glimmerHMM,NA,cluster013,NQYQ00000000
NQYQ01000047.1,55556,99973,+,maker,cluster020,NA,NQYQ00000000
NQYR01000001.1,2275906,2297645,+,maker;glimmerHMM,cluster001,cluster001,NQYR00000000
NQYR01000001.1,2691603,2712568,+,maker;glimmerHMM,cluster002,cluster002,NQYR00000000
NQYR01000001.1,2884361,2938350,+,maker;glimmerHMM,cluster003,cluster003,NQYR00000000
NQYR01000001.1,4643903,4709618,+,maker;glimmerHMM,cluster004,cluster004,NQYR00000000
NQYR01000001.1,4743678,4788322,+,maker;glimmerHMM,cluster005,cluster005,NQYR00000000
NQYR01000003.1,353156,396763,+,maker;glimmerHMM,cluster006,cluster006,NQYR00000000
NQYR01000003.1,912094,959280,+,maker;glimmerHMM,cluster007,cluster007,NQYR00000000
NQYR01000003.1,3143863,3212343,+,maker;glimmerHMM,cluster009,cluster009,NQYR00000000
NQYR01000006.1,508574,529979,+,maker;glimmerHMM,cluster010,cluster010,NQYR00000000
NQYR01000007.1,719015,796334,+,maker;glimmerHMM,cluster011,cluster011,NQYR00000000
NQYR01000007.1,2075638,2122596,+,maker;glimmerHMM,cluster013,cluster012,NQYR00000000
NQYR01000008.1,453506,475814,+,maker;glimmerHMM,cluster014,cluster013,NQYR00000000
NQYR01000008.1,1176200,1223887,+,maker;glimmerHMM,cluster015,cluster014,NQYR00000000
NQYR01000008.1,1976744,2031646,+,maker;glimmerHMM,cluster016,cluster015,NQYR00000000
NQYR01000011.1,1235161,1256204,+,maker;glimmerHMM,cluster017,cluster016,NQYR00000000
NQYR01000012.1,353363,375899,+,maker;glimmerHMM,cluster018,cluster017,NQYR00000000
NQYR01000012.1,1204175,1252528,+,maker;glimmerHMM,cluster019,cluster018,NQYR00000000
NQYR01000013.1,1009374,1061900,+,maker;glimmerHMM,cluster020,cluster019,NQYR00000000
NQYR01000013.1,1161725,1205139,+,maker;glimmerHMM,cluster021,cluster020,NQYR00000000
NQYR01000015.1,724093,769882,+,maker;glimmerHMM,cluster022,cluster021,NQYR00000000
NQYR01000003.1,2396699,2440805,+,glimmerHMM,NA,cluster008,NQYR00000000
NQYR01000003.1,2952205,2974021,+,maker,cluster008,NA,NQYR00000000
NQYR01000007.1,1767003,1811420,+,maker,cluster012,NA,NQYR00000000
NQYS01000001.1,419319,440955,+,maker;glimmerHMM,cluster001,cluster001,NQYS00000000
NQYS01000001.1,2941517,2989030,+,maker;glimmerHMM,cluster002,cluster002,NQYS00000000
NQYS01000001.1,3475819,3520504,+,maker;glimmerHMM,cluster003,cluster003,NQYS00000000
NQYS01000001.1,4076667,4098939,+,maker;glimmerHMM,cluster004,cluster004,NQYS00000000
NQYS01000001.1,5416772,5464386,+,maker;glimmerHMM,cluster005,cluster005,NQYS00000000
NQYS01000001.1,6154674,6209588,+,maker;glimmerHMM,cluster006,cluster006,NQYS00000000
NQYS01000001.1,6392024,6456897,+,maker;glimmerHMM,cluster007,cluster007,NQYS00000000
NQYS01000001.1,6491119,6535648,+,maker;glimmerHMM,cluster008,cluster008,NQYS00000000
NQYS01000002.1,5055,50785,+,maker;glimmerHMM,cluster009,cluster009,NQYS00000000
NQYS01000002.1,4290923,4343474,+,maker;glimmerHMM,cluster010,cluster010,NQYS00000000
NQYS01000002.1,4440458,4483778,+,maker;glimmerHMM,cluster011,cluster011,NQYS00000000
NQYS01000003.1,2087433,2109223,+,maker;glimmerHMM,cluster012,cluster012,NQYS00000000
NQYS01000003.1,2479617,2500582,+,maker;glimmerHMM,cluster013,cluster013,NQYS00000000
NQYS01000003.1,2660592,2706947,+,maker;glimmerHMM,cluster014,cluster014,NQYS00000000
NQYS01000004.1,1168832,1189875,+,maker;glimmerHMM,cluster015,cluster015,NQYS00000000
NQYS01000004.1,3137527,3159975,+,maker;glimmerHMM,cluster016,cluster016,NQYS00000000
NQYS01000004.1,3949078,3997532,+,maker;glimmerHMM,cluster017,cluster017,NQYS00000000
NQYS01000005.1,636833,713943,+,maker;glimmerHMM,cluster018,cluster018,NQYS00000000
NQYS01000005.1,1624200,1668027,+,maker;glimmerHMM,cluster019,cluster019,NQYS00000000
NQYS01000005.1,2262852,2309860,+,maker;glimmerHMM,cluster020,cluster020,NQYS00000000
NQYS01000006.1,72504,140540,+,maker;glimmerHMM,cluster021,cluster021,NQYS00000000
NQYS01000006.1,300352,321936,+,maker;glimmerHMM,cluster022,cluster022,NQYS00000000
NQYS01000006.1,795761,839665,+,glimmerHMM,NA,cluster023,NQYS00000000
