family	family_description	Cladobotryum protrusum	ICBG1054	ICBG1065	ICBG1075	ICBG1096	ICBG2046	ICBG2047	ICBG2048	ICBG2049	ICBG710	ICBG712	ICBG721	ICBG726	ICBG730	ICBG731	ICBG733	ICBG736	ICBG742	ICBG751	LGSR00000000	NIGB00000000	NIGC00000000	NIGD00000000	NQYQ00000000	NQYR00000000	NQYS00000000	Trichoderma arundinaceum	Trichoderma asperellum	Trichoderma atroviride	Trichoderma citrinoviride	Trichoderma gamsii	Trichoderma guizhouense	Trichoderma harzianum	Trichoderma longibrachiatum	Trichoderma parareesei	Trichoderma reesei	Trichoderma virens
AA1	Laccase / p-diphenol:oxygen oxidoreductase / ferroxidase (EC 1.10.3.2); ; ferroxidase (EC 1.10.3.-); Laccase-like multicopper oxidase (EC 1.10.3.-)	9	5	5	5	5	5	5	5	5	5	6	6	5	5	5	5	5	5	5	5	6	5	5	5	5	5	7	10	10	7	8	8	8	7	8	8	9
AA11	AA11 proteins are copper-dependent lytic polysaccharide monooxygenases (LPMOs); cleavage of chitin chains with oxidation of C-1 has been demonstrated for a AA11 LPMO from Aspergillus oryzae;	3	3	3	2	3	3	3	3	3	2	3	3	3	2	3	2	2	3	3	2	2	2	2	2	2	2	4	4	3	4	3	3	4	4	3	4	5
AA12	The pyrroloquinoline quinone-dependent oxidoreductase activity was demonstrated for the CC1G_09525 protein of Coprinopsis cinerea, (EC 1.-.-.-)	2	0	0	0	0	0	0	0	0	0	0	0	0	0	0	0	0	0	0	0	0	0	0	0	0	0	1	1	1	1	1	1	1	1	1	1	1
AA13	AA13 proteins are copper-dependent lytic polysaccharide monooxygenases (LPMOs); cleavage of starch with oxidation of C-1 at the site of cleavage has been demonstrated for the LPMO encoded by gene NCU08746 from Neurospora crassa;	1	0	0	0	0	0	0	0	0	0	0	0	0	0	0	0	0	0	0	0	0	0	0	0	0	0	0	0	0	0	0	0	0	0	0	0	0
AA2	manganese peroxidase (EC 1.11.1.13); versatile peroxidase (EC 1.11.1.16); lignin peroxidase (EC 1.11.1.14); peroxidase (EC 1.11.1.-)	4	4	4	4	4	4	4	4	4	4	5	5	4	4	4	4	4	4	4	4	4	4	4	4	4	4	7	6	6	6	6	8	8	5	6	6	7
AA3	cellobiose dehydrogenase (EC 1.1.99.18); glucose 1-oxidase (EC 1.1.3.4); aryl alcohol oxidase (EC 1.1.3.7); alcohol oxidase (EC 1.1.3.13); pyranose oxidase (EC 1.1.3.10); pyranose dehydrogenase (EC 1.1.99.29)	18	4	5	5	6	7	7	7	7	5	9	9	5	5	6	6	6	6	6	5	6	6	5	6	6	6	17	14	14	14	21	21	22	14	13	15	20
AA4	vanillyl-alcohol oxidase (EC 1.1.3.38)	2	0	0	0	2	0	1	0	0	1	0	0	0	0	1	1	1	1	2	1	1	1	1	1	1	1	2	3	2	2	1	2	3	2	2	2	2
AA5	Oxidase with oxygen as acceptor (EC 1.1.3.-); galactose oxidase (EC 1.1.3.9); glyoxal oxidase (EC 1.2.3.15); alcohol oxidase (EC 1.1.3.13)	1	1	1	1	1	1	1	1	1	1	1	1	1	1	1	1	1	1	1	1	1	1	1	1	1	1	4	3	3	2	3	3	3	2	2	2	3
AA6	1,4-benzoquinone reductase (EC. 1.6.5.6)	1	1	1	1	1	1	1	1	1	1	1	1	1	1	1	1	1	1	1	1	1	1	1	2	1	1	1	1	1	1	1	1	1	1	1	1	1
AA7	glucooligosaccharide oxidase (EC 1.1.3.-); chitooligosaccharide oxidase (EC 1.1.3.-)	35	13	13	11	11	9	8	9	7	9	11	11	14	8	12	11	11	14	12	13	14	11	9	11	11	13	38	25	32	25	33	35	35	19	21	20	36
AA8	Iron reductase domain	10	6	4	4	4	6	6	7	6	4	4	4	6	5	4	4	5	4	4	4	4	4	4	4	4	4	10	10	8	9	10	11	10	8	9	8	10
AA9	AA9 (formerly GH61) proteins are copper-dependent lytic polysaccharide monooxygenases (LPMOs); cleavage of cellulose chains with oxidation of various carbons (C-1, C-4 and C-6) has been reported several times in the literature;	1	1	1	0	1	0	0	0	0	1	1	1	1	1	1	1	1	1	1	1	1	1	1	1	1	1	3	3	3	3	2	3	3	3	3	3	3
antibiotic efflux	null	256	110	106	102	103	107	124	117	123	104	126	118	111	99	111	103	109	114	104	112	112	109	101	107	107	112	264	266	265	202	277	287	303	183	178	188	287
antibiotic efflux; reduced permeability to antibiotic	null	0	0	0	0	0	0	0	0	0	1	0	0	0	1	0	0	0	0	0	0	0	0	0	0	0	0	2	2	2	0	1	2	2	0	0	0	1
antibiotic inactivation	null	49	14	16	16	16	19	21	18	19	14	17	16	14	14	17	17	17	16	17	17	17	15	16	17	17	17	55	63	68	40	58	73	77	42	42	44	70
antibiotic target alteration	null	53	40	38	38	40	40	40	45	39	36	41	40	40	37	42	42	41	40	40	40	40	39	36	39	39	40	58	59	58	44	57	67	65	42	38	38	62
antibiotic target alteration; antibiotic efflux	null	0	0	0	0	0	0	0	0	0	0	0	0	0	0	0	1	0	0	1	0	0	0	0	0	0	0	0	0	0	0	0	0	0	0	0	0	0
antibiotic target alteration; antibiotic efflux; reduced permeability to antibiotic	null	0	0	0	0	0	0	0	0	1	0	0	0	0	0	0	0	0	0	0	0	0	0	0	0	0	0	0	0	0	0	0	0	0	0	0	0	0
antibiotic target alteration; antibiotic target replacement	null	3	3	3	3	3	3	3	3	3	3	3	3	3	3	3	3	3	3	3	3	3	3	3	3	3	3	3	3	3	3	3	3	3	3	3	3	3
antibiotic target protection	null	30	16	16	17	18	22	18	22	23	19	19	17	18	19	20	19	20	20	17	19	21	19	14	20	19	18	31	30	34	27	33	35	37	24	26	24	31
antibiotic target replacement	null	2	2	1	2	2	2	2	2	2	2	2	2	2	2	2	2	2	2	2	2	2	2	2	2	2	2	2	2	2	2	1	2	2	2	2	2	2
CBM1	Modules of approx. 40 residues found almost exclusively in fungi. The cellulose-binding function has been demonstrated in many cases, and appears to be mediated by three aromatic residues separated by about 10.4 angstrom and which form a flat surface. The only non-fungal occurence of CBM1 is in an algal non-hydrolytic polysaccharide-binding protein which is composed of four repeated CBM1 modules. Binding to chitin has been demonstrated in one case.	3	5	3	3	4	5	9	7	8	3	12	9	5	4	4	3	3	3	4	4	3	3	5	3	3	4	15	15	18	15	17	16	21	13	15	15	20
CBM13	Modules of approx. 150 residues which always appear as a threefold internal repeat. The only apparent exception to this, xylanase II of Actinomadura sp. FC7 (GenBank U08894), is in fact not completely sequenced. These modules were first identified in several plant lectins such as ricin or agglutinin of Ricinus communis which bind galactose residues. The three-dimensional structure of a plant lectin has been determined and displays a pseudo-threefold symmetry in accord with the observed sequence threefold repeat. These modules have since been found in a number of other proteins of various functions including glycoside hydrolases and glycosyltransferases. While in the plant lectins this module binds mannose, binding to xylan has been demonstrated in the Streptomyces lividans xylanase A and arabinofuranosidase B. Binding to GalNAc has been shown for the corresponding module of GalNAc transferase 4. For the other proteins, the binding specificity of these modules has not been established. The pseudo three-fold symmetry of the CBM13 module has now been confirmed in the 3-D structure of the intact, two-domain, xylanase of Streptomyces olivaceoviridis.	1	0	0	0	1	0	0	0	0	0	0	0	0	0	0	0	0	0	0	0	0	0	1	0	0	0	4	3	3	1	5	1	1	0	0	0	2
CBM14	Modules of approx. 70 residues. The chitin-binding function has been demonstrated in several cases. These modules are found attached to a number of chitinase catalytic domains, but also in non-catalytic proteins either in isolation or as multiple repeats; chitin binding (EC IIa.chitin)	0	0	0	0	1	0	0	0	0	0	0	0	0	0	0	0	0	0	0	0	0	0	0	0	0	0	0	0	0	0	0	0	0	0	0	0	0
CBM16	Carbohydrate-binding module 16. Binding to cellulose and glucomannan demonstrated [B. Bae et al (2008) J Biol Chem. 283:12415-25 (PMID: 18025086)]	0	0	0	0	0	0	1	0	1	0	0	0	0	0	0	0	0	0	0	0	0	0	0	0	0	0	0	0	0	0	0	0	0	0	0	0	0
CBM18	Modules of approx. 40 residues. The chitin-binding function has been demonstrated in many cases. These modules are found attached to a number of chitinase catalytic domains, but also in non-catalytic proteins either in isolation or as multiple repeats.	11	5	5	6	4	9	6	9	6	4	2	2	5	5	5	6	6	6	5	3	6	6	4	6	4	3	9	10	10	7	10	8	15	7	8	6	16
CBM2	Modules of approx. 100 residues and which are found in a large number of bacterial enzymes. The cellulose-binding function has been demonstrated in many cases. Several of these modules have been shown to also bind chitin or xylan.	1	0	0	0	0	0	0	0	0	0	0	0	0	0	0	0	1	0	0	0	0	0	0	0	0	0	0	0	0	0	0	0	0	0	0	0	0
CBM20	The granular starch-binding function has been demonstrated in several cases. Interact strongly with cyclodextrins. Often designated as starch-binding domains (SBD).	3	1	1	1	1	1	1	1	1	1	1	1	1	1	1	1	1	1	1	1	1	1	1	1	1	1	1	4	4	2	4	1	2	2	2	2	2
CBM21	Modules of approx. 100 residues. The granular starch-binding function has been demonstrated in one case. Sometimes designated as starch-binding domains (SBD).	1	1	1	1	1	1	1	1	1	1	1	1	1	1	1	1	1	1	1	1	1	1	1	1	1	1	1	1	1	1	1	1	1	1	1	1	1
CBM22	A xylan binding function has been demonstrated in several cases and affinity with mixed beta-1,3/beta-1,4-glucans in one. In several cases a thermostabilizing effect has also been seen.	0	0	0	0	0	0	0	0	0	0	0	0	0	0	0	0	0	0	0	0	0	0	0	0	0	0	0	0	0	0	0	0	0	0	0	0	1
CBM24	alpha-1,3-glucan (mutan)-binding function demonstrated in two cases (PMID:10636904)	3	1	1	1	1	1	1	1	1	1	1	1	1	1	1	1	1	1	1	1	1	1	1	1	1	1	4	2	2	2	2	5	5	3	3	2	4
CBM32	Binding to galactose and lactose has been demonstrated for the module of Micromonospora viridifaciens sialidase (PMID: 16239725). Binding to polygalacturonic acid has been shown for a Yersinia member (PMID: 17292916). Binding to LacNAc (beta-D-galactosyl-1,4-beta-D-N-acetylglucosamine) has been shown for an N-acetylglucosaminidase from Clostridium perfingens (PMID: 16990278).	1	0	0	0	0	0	0	0	0	0	0	0	0	0	0	0	0	0	0	0	0	0	1	0	0	0	1	1	1	1	1	0	0	1	1	1	1
CBM35	Modules of approx. 130 residues. A module that is conserved in three Cellvibrio xylan-degrading enzymes binds to xylan and the interaction is calcium dependent, while a module from a Cellvibrio mannanase binds to decorated soluble mannans and mannooligosaccharides. A module in a	0	0	0	0	0	0	0	0	0	0	0	0	0	0	0	0	0	0	0	0	0	0	0	0	0	0	0	2	1	0	1	0	0	0	0	0	1
CBM38	The inulin-binding function has been demonstrated in the case of the cycloinulo-oligosaccharide fructanotransferase from Paenibacillus macerans (Bacillus macerans) by Lee et al. (2004) FEMS Microbiol Lett 234:105-10. (PMID:15109727).	0	0	0	0	0	0	0	0	0	0	0	0	0	0	0	0	0	0	0	0	0	0	0	0	0	0	0	0	0	0	1	0	0	0	0	0	0
CBM42	Modules of approx. 160 residues found mostly at the C-terminus of GH54 catalytic domains. Binding to arabinofuranose (present in arabinoxylan) has been demonstrated.	0	0	0	0	0	0	0	0	0	0	1	1	0	0	0	0	0	0	0	0	0	0	0	0	0	0	2	2	2	2	2	2	2	2	2	2	2
CBM43	Modules of approx. 90-100 residues found at the C-terminus of GH17 or GH72 enzymatic modules and also sometimes isolated. CBM43 modules sometimes carry a C-terminal membrane anchor. The beta-1,3-glucan binding function has been demonstrated with the olive pollen protein Ole e 10.	1	1	1	1	1	1	1	1	1	1	1	1	1	1	1	1	1	1	1	1	1	1	1	1	1	1	1	2	2	2	2	2	2	2	2	2	3
CBM48	Modules of approx. 100 residues with glycogen-binding function, appended to GH13 modules. Also found in the beta subunit (glycogen-binding) of AMP-activated protein kinases (AMPK)	1	2	2	2	1	2	2	2	2	1	1	1	2	1	1	1	1	1	1	1	1	1	1	1	1	1	2	2	2	1	2	2	2	2	2	2	2
CBM50	Modules of approx. 50 residues found attached to various enzymes from families GH18, GH19, GH23, GH24, GH25 and GH73, i.e. enzymes cleaving either chitin or peptidoglycan. Binding to chitopentaose demonstrated in the case of Pteris ryukyuensis chitinase A [Ohnuma T et al. (2008) J. Biol. Chem. 283:5178-87 (PMID: 18083709)]. CBM50 modules are also found in a multitude of other enzymes targeting the petidoglycan such as peptidases and amidases. These enzymes are not reported in the list below.	6	4	3	3	3	5	3	4	3	2	0	0	2	2	4	3	4	2	3	1	2	3	4	5	3	1	6	6	5	3	6	8	13	4	5	3	13
CBM56	beta-1,3-glucan binding function demonstrated by Yamamoto et al. (1998) FEBS Letters 433:41-43 [PMID: 9738929]	0	0	0	0	0	0	0	0	0	0	0	0	0	0	0	0	0	0	0	1	0	0	0	0	0	0	0	0	0	0	0	0	0	0	0	0	0
CBM6	Modules of approx. 120 residues. The cellulose-binding function has been demonstrated in one case on amorphous cellulose and beta-1,4-xylan. Some of these modules also bind beta-1,3-glucan, beta-1,3-1,4-glucan, and beta-1,4-glucan.	0	0	0	0	0	0	0	0	0	0	0	0	0	0	0	0	0	0	0	0	0	0	0	0	0	0	0	1	1	0	1	0	0	0	0	0	0
CBM66	The CBM66 module, derived from the Bacillus subtilis exo-acting beta-fructosidase SacC, targets the terminal fructoside residue of fructans.	1	1	1	1	1	1	1	1	1	1	0	0	1	1	1	1	1	1	1	1	1	1	1	1	1	1	1	2	2	2	2	1	2	1	2	2	4
CBM67	Fujimoto et al. [PMID : 23486481] disclosed the L-rhamnose binding activity and 3-D structure of the CBM67 of Streptomyces avermitilis alpha-L-rhamnosidase (SaRha78A);	0	0	0	0	0	0	0	0	0	0	0	0	0	0	0	0	0	0	0	0	0	0	0	0	0	0	0	1	1	0	1	0	0	0	0	0	0
CBM79	Modules of approx. 130 residues found so far only in ruminococcal proteins. Binding to various beta-glucans was shown for the R. flavefaciens GH9 enzyme.	0	0	0	0	0	0	0	0	0	0	0	0	0	0	1	0	0	0	0	0	0	0	0	0	0	0	0	0	0	0	0	0	0	0	0	0	0
CE0	See below.	1	0	0	0	0	0	0	0	0	0	0	0	0	0	0	0	0	0	0	0	0	0	0	0	0	0	0	1	1	0	0	2	2	0	1	0	1
CE1	acetyl xylan esterase (EC 3.1.1.72); cinnamoyl esterase (EC 3.1.1.-); feruloyl esterase (EC 3.1.1.73); carboxylesterase (EC 3.1.1.1); S-formylglutathione hydrolase (EC 3.1.2.12); diacylglycerol O-acyltransferase (EC 2.3.1.20); trehalose 6-O-mycolyltransferase (EC 2.3.1.122); acetylesterase (EC 3.1.1.6)	3	1	1	1	1	1	1	1	1	1	1	1	1	1	1	1	1	1	1	1	1	1	1	1	1	1	3	7	4	5	5	5	6	4	4	4	5
CE10	arylesterase (EC 3.1.1.-);  carboxyl esterase (EC 3.1.1.3); acetylcholinesterase (EC 3.1.1.7); cholinesterase (EC 3.1.1.8); sterol esterase (EC 3.1.1.13); brefeldin A esterase (EC 3.1.1.-).	31	10	12	11	13	13	14	12	13	12	11	12	11	14	14	13	14	13	13	14	15	14	13	14	14	13	33	23	25	24	26	43	46	20	19	21	41
CE11	UDP-3-0-acyl N-acetylglucosamine deacetylase (EC 3.5.1.-).	0	0	0	0	0	0	0	1	0	0	0	0	0	0	0	0	0	0	0	0	0	0	0	0	0	0	0	0	0	0	0	0	0	0	0	0	0
CE15	4-O-methyl-glucuronoyl methylesterase (EC 3.1.1.-)	0	0	0	0	0	1	2	1	1	0	1	0	0	0	0	0	0	0	0	0	0	0	0	0	0	0	1	1	1	1	1	1	1	1	1	1	1
CE16	acetylesterase (EC 3.1.1.6) active on various carbohydrate acetyl esters	1	0	0	0	0	1	1	1	1	1	0	0	0	0	0	0	0	0	0	0	0	0	1	0	0	0	2	4	4	2	3	3	3	2	2	2	3
CE2	acetyl xylan esterase (EC 3.1.1.72).	0	0	0	0	0	0	0	0	0	0	0	0	0	0	0	0	0	0	0	0	0	0	0	0	0	0	0	0	0	0	0	0	0	1	0	0	0
CE3	acetyl xylan esterase (EC 3.1.1.72).	3	0	1	1	0	2	1	1	1	0	0	0	0	0	0	0	0	0	0	0	0	0	0	0	0	0	3	4	5	3	4	5	6	5	5	4	4
CE4	acetyl xylan esterase (EC 3.1.1.72);  chitin deacetylase (EC 3.5.1.41); chitooligosaccharide deacetylase (EC 3.5.1.-); peptidoglycan GlcNAc deacetylase (EC 3.5.1.-); peptidoglycan N-acetylmuramic acid deacetylase (EC 3.5.1.-).	5	3	4	4	4	4	4	4	3	4	3	3	3	4	3	4	3	4	4	4	4	4	3	4	4	4	6	5	6	5	8	6	6	3	5	5	5
CE5	acetyl xylan esterase (EC 3.1.1.72); cutinase (EC 3.1.1.74); 1,4-beta-xylosidase (EC 3.2.1.37)	5	3	2	2	3	4	4	4	4	2	3	3	3	3	1	2	2	3	2	2	2	2	3	2	2	2	4	5	5	4	5	6	5	4	4	4	7
CE8	pectin methylesterase (EC 3.1.1.11).	0	0	0	0	0	0	0	0	0	0	0	0	0	0	0	0	0	0	0	0	0	0	0	0	0	0	0	3	1	0	1	0	1	0	0	0	2
CE9	N-acetylglucosamine 6-phosphate deacetylase (EC 3.5.1.25); N-acetylglucosamine 6-phosphate deacetylase (EC 3.5.1.80)	1	1	1	1	1	2	1	1	1	1	1	1	1	1	1	1	1	1	1	1	1	1	1	1	1	1	2	1	1	1	2	1	1	1	1	1	1
GH0	Glycoside hydrolases not yet assigned to a family.	2	2	3	2	2	2	1	2	1	1	2	2	1	1	1	1	1	1	3	1	1	1	1	1	1	1	1	2	1	4	2	2	2	2	1	1	2
GH1	beta-glucosidase (EC 3.2.1.21); beta-galactosidase (EC 3.2.1.23); beta-mannosidase (EC 3.2.1.25); beta-glucuronidase (EC 3.2.1.31); beta-xylosidase (EC 3.2.1.37); beta-D-fucosidase (EC 3.2.1.38); phlorizin hydrolase (EC 3.2.1.62); exo-beta-1,4-glucanase (EC 3.2.1.74); 6-phospho-beta-galactosidase (EC 3.2.1.85); 6-phospho-beta-glucosidase (EC 3.2.1.86); strictosidine beta-glucosidase (EC 3.2.1.105); lactase (EC 3.2.1.108); amygdalin beta-glucosidase (EC 3.2.1.117); prunasin beta-glucosidase (EC 3.2.1.118); vicianin hydrolase (EC 3.2.1.119); raucaffricine beta-glucosidase (EC 3.2.1.125); thioglucosidase (EC 3.2.1.147); beta-primeverosidase (EC 3.2.1.149); isoflavonoid 7-O-beta-apiosyl-beta-glucosidase (EC 3.2.1.161); ABA-specific beta-glucosidase (EC 3.2.1.175); DIMBOA beta-glucosidase (EC 3.2.1.182); beta-glycosidase (EC 3.2.1.-); hydroxyisourate hydrolase (EC 3.-.-.-)	4	1	1	1	2	1	1	1	1	2	1	1	1	2	2	2	2	2	2	2	2	2	2	2	2	2	3	3	5	2	4	4	5	3	3	3	3
GH10	endo-1,4-beta-xylanase (EC 3.2.1.8); endo-1,3-beta-xylanase (EC 3.2.1.32); tomatinase (EC 3.2.1.-); xylan endotransglycosylase (EC 2.4.2.-)	0	0	0	0	0	0	0	0	0	0	0	0	0	0	0	0	0	0	0	0	0	0	0	0	0	0	1	2	1	1	3	2	2	1	1	1	2
GH104	peptidoglycan lytic transglycosylase (EC 3.2.1.-)	0	0	0	0	0	0	0	0	0	0	0	0	0	0	0	0	0	0	0	0	0	0	0	0	0	0	0	0	0	0	0	0	0	0	1	0	0
GH105	unsaturated rhamnogalacturonyl hydrolase (EC 3.2.1.172); d-4,5-unsaturated beta-glucuronyl hydrolase (EC 3.2.1.-); d-4,5-unsaturated alpha-galacturonidase (EC 3.2.1.-)	2	0	0	0	0	0	0	0	0	0	1	1	0	0	0	0	0	0	0	0	0	0	0	0	0	0	2	2	2	2	1	3	2	2	2	2	2
GH106	alpha-L-rhamnosidase (EC 3.2.1.40); rhamnogalacturonan alpha-L-rhamnohydrolase (EC 3.2.1.174)	0	0	0	0	0	0	0	0	0	0	0	0	0	0	0	0	0	0	0	0	0	0	0	0	0	0	0	0	1	1	1	1	1	1	1	1	0
GH108	N-acetylmuramidase (EC 3.2.1.17)	0	0	0	0	0	0	0	0	0	0	0	0	0	0	0	0	0	0	0	0	0	0	0	0	0	0	0	0	1	0	0	0	0	0	0	0	0
GH11	endo-beta-1,4-xylanase (EC 3.2.1.8); endo-beta-1,3-xylanase (EC 3.2.1.32)	1	1	1	1	1	1	1	1	1	0	2	1	1	0	1	1	0	1	1	0	1	0	1	0	0	0	2	4	4	3	4	4	4	3	3	3	4
GH114	endo-alpha-1,4-polygalactosaminidase (EC 3.2.1.109)	1	0	0	0	0	0	0	0	0	0	0	0	0	0	0	0	0	0	0	0	0	0	0	0	0	0	1	1	1	0	1	1	1	0	0	0	1
GH115	xylan alpha-1,2-glucuronidase (3.2.1.131); alpha-(4-O-methyl)-glucuronidase (3.2.1.-)	1	1	1	1	1	1	1	1	1	1	1	1	1	1	1	1	1	1	1	1	1	1	1	1	1	1	1	1	1	1	1	1	1	1	1	1	1
GH12	endoglucanase (EC 3.2.1.4); xyloglucan hydrolase (EC 3.2.1.151); beta-1,3-1,4-glucanase (EC 3.2.1.73); xyloglucan endotransglycosylase (EC 2.4.1.207)	3	2	2	2	2	2	2	2	2	1	1	1	2	2	2	2	2	2	2	2	2	2	2	2	2	2	3	3	3	2	3	4	3	2	2	2	4
GH125	exo-alpha-1,6-mannosidase (EC 3.2.1.-)	3	2	2	2	2	2	2	2	2	2	3	3	2	2	2	2	2	2	2	2	2	2	2	2	2	2	3	3	2	2	2	3	3	2	2	2	3
GH127	beta-L-arabinofuranosidase (EC 3.2.1.185); 3-C-carboxy-5-deoxy-L-xylose (aceric acid) hydrolase (EC 3.2.1.-)	0	0	0	0	0	0	0	0	0	0	0	0	0	0	0	0	0	0	0	0	0	0	0	0	0	0	0	1	1	0	1	1	1	0	0	0	0
GH128	beta-1,3-glucanase (EC 3.2.1.39)	5	2	2	2	3	3	3	3	3	2	2	2	2	2	3	3	3	3	3	3	3	3	3	3	3	3	6	5	5	4	5	5	5	3	4	4	5
GH13	alpha-amylase (EC 3.2.1.1); pullulanase (EC 3.2.1.41); cyclomaltodextrin glucanotransferase (EC 2.4.1.19); cyclomaltodextrinase (EC 3.2.1.54); trehalose-6-phosphate hydrolase (EC 3.2.1.93); oligo-alpha-glucosidase (EC 3.2.1.10); maltogenic amylase (EC 3.2.1.133); neopullulanase (EC 3.2.1.135); alpha-glucosidase (EC 3.2.1.20); maltotetraose-forming alpha-amylase (EC 3.2.1.60); isoamylase (EC 3.2.1.68); glucodextranase (EC 3.2.1.70); maltohexaose-forming alpha-amylase (EC 3.2.1.98); maltotriose-forming alpha-amylase (EC 3.2.1.116); branching enzyme (EC 2.4.1.18); trehalose synthase (EC 5.4.99.16); 4-alpha-glucanotransferase (EC 2.4.1.25); maltopentaose-forming alpha-amylase (EC 3.2.1.-) ; amylosucrase (EC 2.4.1.4) ; sucrose phosphorylase (EC 2.4.1.7); malto-oligosyltrehalose trehalohydrolase (EC 3.2.1.141); isomaltulose synthase (EC 5.4.99.11); malto-oligosyltrehalose synthase (EC 5.4.99.15); amylo-alpha-1,6-glucosidase (EC 3.2.1.33); alpha-1,4-glucan: phosphate alpha-maltosyltransferase (EC 2.4.99.16); 6'-P-sucrose phosphorylase (EC 2.4.1.-); amino acid transporter	7	4	4	4	4	4	4	4	5	4	5	5	4	4	4	4	4	4	4	5	4	4	4	4	4	4	7	7	6	6	10	8	8	6	6	6	7
GH132	Activity on beta-1,3-glucan (curdlan) shown for the Aspergillus fumigatus Sun4 protein; activity on laminarioligosaccharides shown for Aspergillus fumigatus Sun4 protein and Candida albicans Sun41 protein; transglycosylation activity reported in PMID 23508952.	3	3	3	3	3	3	3	3	3	3	3	3	3	3	3	3	3	3	3	3	3	3	3	3	3	3	3	3	3	3	3	3	3	3	3	3	3
GH133	amylo-alpha-1,6-glucosidase (EC 3.2.1.33);	2	2	2	2	2	2	2	2	2	2	2	2	2	2	2	2	2	2	2	2	2	2	2	2	2	2	2	2	2	2	2	2	2	2	2	2	2
GH134	endo-beta-1,4-mannanase (EC 3.2.1.78);	0	0	0	0	0	0	0	0	0	0	0	0	0	0	0	0	0	0	0	0	0	0	0	0	0	0	0	0	0	0	2	0	0	0	0	0	0
GH142	beta-L-arabinofuranosidase (EC 3.2.1.185)	0	0	0	0	0	0	0	0	0	0	0	0	0	0	0	0	0	0	0	0	0	0	0	0	0	0	1	1	1	0	1	1	1	0	0	0	0
GH15	glucoamylase (EC 3.2.1.3); glucodextranase (EC 3.2.1.70); alpha,alpha-trehalase (EC 3.2.1.28); dextran dextrinase (EC 2.4.1.2)	4	1	1	1	1	1	1	1	1	1	1	1	1	1	1	1	1	1	1	1	1	1	1	1	1	1	2	4	4	3	4	2	3	3	3	3	3
GH16	xyloglucan:xyloglucosyltransferase (EC 2.4.1.207); keratan-sulfate endo-1,4-beta-galactosidase (EC 3.2.1.103); endo-1,3-beta-glucanase (EC 3.2.1.39); endo-1,3(4)-beta-glucanase (EC 3.2.1.6); licheninase (EC 3.2.1.73); beta-agarase (EC 3.2.1.81); kappa;-carrageenase (EC 3.2.1.83); xyloglucanase (EC 3.2.1.151); endo-beta-1,3-galactanase (EC 3.2.1.181); beta-porphyranase (EC 3.2.1.178); hyaluronidase (EC 3.2.1.35); endo-beta-1,4-galactosidase (EC 3.2.1.-); chitin beta-1,6-glucanosyltransferase (EC 2.4.1.-); endo-beta-1,4-galactosidase (EC 3.2.1.-)	16	12	13	13	14	14	14	14	14	14	15	15	12	13	14	14	14	13	14	13	13	14	13	14	14	13	16	17	17	16	17	16	16	14	14	16	17
GH17	glucan endo-1,3-beta-glucosidase (EC 3.2.1.39); glucan 1,3-beta-glucosidase (EC 3.2.1.58); licheninase (EC 3.2.1.73); ABA-specific beta-glucosidase (EC 3.2.1.175); beta-1,3-glucanosyltransglycosylase (EC 2.4.1.-)	4	3	4	4	4	4	4	4	4	4	3	3	4	4	4	4	4	4	4	4	4	4	3	4	4	4	4	4	4	4	4	4	4	4	4	4	4
GH18	chitinase (EC 3.2.1.14); lysozyme (EC 3.2.1.17); endo-beta-N-acetylglucosaminidase (EC 3.2.1.96); peptidoglycan hydrolase with endo-beta-N-acetylglucosaminidase specificity (EC 3.2.1.-); Nod factor hydrolase (EC 3.2.1.-); xylanase inhibitor; concanavalin B; narbonin	35	19	20	20	20	24	21	25	21	20	17	16	17	18	20	20	19	20	20	19	21	20	21	18	20	19	31	33	36	23	34	31	37	24	25	24	39
GH19	chitinase (EC 3.2.1.14); lysozyme (EC 3.2.1.17)	0	0	0	0	0	0	0	0	0	0	0	0	0	0	1	0	1	0	0	0	0	0	0	0	0	0	0	0	0	0	1	0	0	0	0	0	0
GH2	beta-galactosidase (EC 3.2.1.23) ; beta-mannosidase (EC 3.2.1.25); beta-glucuronidase (EC 3.2.1.31); alpha-L-arabinofuranosidase (EC 3.2.1.55); mannosylglycoprotein endo-beta-mannosidase (EC 3.2.1.152); exo-beta-glucosaminidase (EC 3.2.1.165); alpha-L-arabinopyranosidase (EC 3.2.1.-); beta-galacturonidase (EC 3.2.1.-)	6	3	3	3	3	3	3	3	3	3	6	6	3	3	3	3	3	3	3	3	3	3	3	3	3	3	10	9	10	8	10	12	12	8	7	7	11
GH20	beta-hexosaminidase (EC 3.2.1.52); lacto-N-biosidase (EC 3.2.1.140); beta-1,6-N-acetylglucosaminidase) (EC 3.2.1.-); beta-6-SO3-N-acetylglucosaminidase (EC 3.2.1.-)	4	2	2	2	2	2	2	3	2	2	2	2	2	2	2	2	2	2	2	2	2	2	2	2	2	2	4	4	4	4	4	4	4	4	4	4	4
GH23	lysozyme type G (EC 3.2.1.17); peptidoglycan lyase (EC 4.2.2.n1) also known in the literature as peptidoglycan lytic transglycosylase; chitinase (EC 3.2.1.14)	0	3	0	0	2	0	0	0	0	1	0	0	3	0	2	2	2	1	2	1	1	0	1	0	0	1	1	0	1	1	0	0	1	2	1	0	0
GH24	lysozyme (EC 3.2.1.17)	3	0	0	0	0	0	0	0	0	0	0	0	0	0	0	0	0	0	0	0	0	0	0	0	0	0	2	0	0	2	0	1	1	2	2	2	1
GH25	lysozyme (EC 3.2.1.17)	2	0	0	0	0	0	0	1	0	0	1	1	0	0	0	0	0	0	0	0	0	0	0	0	0	0	1	1	1	1	1	1	2	1	1	1	1
GH26	beta-mannanase (EC 3.2.1.78); exo-beta-1,4-mannobiohydrolase (EC 3.2.1.100); beta-1,3-xylanase (EC 3.2.1.32); lichenase / endo-beta-1,3-1,4-glucanase (EC 3.2.1.73); mannobiose-producing exo-beta-mannanase (EC 3.2.1.-)	0	0	0	0	0	0	0	0	0	0	0	0	0	0	0	0	0	0	0	0	0	0	0	0	0	0	0	0	0	0	0	0	2	0	0	0	2
GH27	alpha-galactosidase (EC 3.2.1.22); alpha-N-acetylgalactosaminidase (EC 3.2.1.49); isomalto-dextranase (EC 3.2.1.94); beta-L-arabinopyranosidase (EC 3.2.1.88); galactan:galactan galactosyltransferase (EC 2.4.1.-)	4	0	0	0	0	0	0	0	0	0	1	1	0	0	0	0	0	0	0	0	0	0	0	0	0	0	6	6	6	6	6	7	7	5	5	6	8
GH28	polygalacturonase (EC 3.2.1.15); alpha-L-rhamnosidase (EC 3.2.1.40); exo-polygalacturonase (EC 3.2.1.67); exo-polygalacturonosidase (EC 3.2.1.82); rhamnogalacturonase (EC 3.2.1.171); rhamnogalacturonan alpha-1,2-galacturonohydrolase (EC 3.2.1.173); endo-xylogalacturonan hydrolase (EC 3.2.1.-)	6	4	4	4	3	5	6	4	6	4	4	3	3	5	4	3	3	4	3	3	3	3	5	3	3	3	11	8	9	8	9	11	11	5	7	6	13
GH29	alpha-L-fucosidase (EC 3.2.1.51); alpha-1,3/1,4-L-fucosidase (EC 3.2.1.111)	0	1	0	0	0	0	0	0	0	0	0	0	1	0	0	0	0	0	0	0	0	0	0	0	0	0	0	0	0	0	0	0	0	0	0	0	0
GH3	beta-glucosidase (EC 3.2.1.21); xylan 1,4-beta-xylosidase (EC 3.2.1.37); beta-glucosylceramidase (EC 3.2.1.45); beta-N-acetylhexosaminidase (EC 3.2.1.52); alpha-L-arabinofuranosidase (EC 3.2.1.55); glucan 1,3-beta-glucosidase (EC 3.2.1.58); glucan 1,4-beta-glucosidase (EC 3.2.1.74); isoprimeverose-producing oligoxyloglucan hydrolase (EC 3.2.1.120); coniferin beta-glucosidase (EC 3.2.1.126); exo-1,3-1,4-glucanase (EC 3.2.1.-); beta-N-acetylglucosaminide phosphorylases (EC 2.4.1.-)	14	11	10	10	12	12	13	12	12	11	14	12	11	13	12	13	12	12	12	12	12	12	12	12	12	12	17	16	15	13	15	18	18	13	13	13	19
GH30	endo-beta-1,4-xylanase (EC 3.2.1.8); beta-glucosidase (3.2.1.21); beta-glucuronidase (EC 3.2.1.31); beta-xylosidase (EC 3.2.1.37); beta-fucosidase (EC 3.2.1.38); glucosylceramidase (EC 3.2.1.45); beta-1,6-glucanase (EC 3.2.1.75); glucuronoarabinoxylan endo-beta-1,4-xylanase (EC 3.2.1.136); endo-beta-1,6-galactanase (EC:3.2.1.164); [reducing end] beta-xylosidase (EC 3.2.1.-)	2	1	1	1	1	1	1	1	1	2	0	1	1	0	1	1	1	1	1	1	0	1	1	1	1	1	3	5	5	5	5	6	6	5	5	5	6
GH31	alpha-glucosidase (EC 3.2.1.20); alpha-galactosidase (EC 3.2.1.22); alpha-mannosidase (EC 3.2.1.24); alpha-1,3-glucosidase (EC 3.2.1.84); sucrase-isomaltase (EC 3.2.1.48) (EC 3.2.1.10); alpha-xylosidase (EC 3.2.1.177); alpha-glucan lyase (EC 4.2.2.13); isomaltosyltransferase (EC 2.4.1.-); oligosaccharide alpha-1,4-glucosyltransferase (EC 2.4.1.161); sulfoquinovosidase (EC 3.2.1.-)	4	5	5	5	5	4	4	4	4	5	5	5	5	5	5	5	5	5	5	5	5	5	5	5	5	5	5	8	7	5	7	5	5	4	4	4	5
GH32	invertase (EC 3.2.1.26); endo-inulinase (EC 3.2.1.7); beta-2,6-fructan 6-levanbiohydrolase (EC 3.2.1.64); endo-levanase (EC 3.2.1.65); exo-inulinase (EC 3.2.1.80); fructan beta-(2,1)-fructosidase/1-exohydrolase (EC 3.2.1.153); fructan beta-(2,6)-fructosidase/6-exohydrolase (EC 3.2.1.154); sucrose:sucrose 1-fructosyltransferase (EC 2.4.1.99); fructan:fructan 1-fructosyltransferase (EC 2.4.1.100); sucrose:fructan 6-fructosyltransferase (EC 2.4.1.10); fructan:fructan 6G-fructosyltransferase (EC 2.4.1.243); levan fructosyltransferase (EC 2.4.1.-); [retaining] sucrose:sucrose 6-fructosyltransferase (6-SST) (EC 2.4.1.-); cycloinulo-oligosaccharide fructanotransferase (EC 2.4.1.-)	1	0	0	0	0	0	0	0	1	0	0	0	0	0	0	0	0	0	0	0	0	0	0	0	0	0	0	2	1	0	2	0	0	0	0	0	1
GH33	sialidase or neuraminidase (EC 3.2.1.18); trans-sialidase (EC 2.4.1.-); anhydrosialidase (EC 4.2.2.15); Kdo hydrolase (EC 3.2.1.-); 2-keto-3-deoxynononic acid hydrolase / KDNase (EC 3.2.1.-)	0	0	0	0	0	0	0	1	0	0	0	0	0	0	0	0	0	0	0	0	0	0	0	0	0	0	1	0	0	0	0	0	0	0	0	0	0
GH35	beta-galactosidase (EC 3.2.1.23); exo-beta-glucosaminidase (EC 3.2.1.165); exo-beta-1,4-galactanase (EC 3.2.1.-); beta-1,3-galactosidase (EC 3.2.1.-)	2	1	1	1	1	1	1	1	1	1	1	1	1	0	1	1	1	1	1	1	1	1	1	1	1	1	1	1	1	1	1	1	1	1	1	1	1
GH36	alpha-galactosidase (EC 3.2.1.22); alpha-N-acetylgalactosaminidase (EC 3.2.1.49); stachyose synthase (EC 2.4.1.67); raffinose synthase (EC 2.4.1.82)	3	2	2	2	2	2	2	2	2	2	2	2	2	2	2	2	2	2	2	1	2	2	2	2	2	2	2	2	2	2	2	2	2	2	2	2	3
GH37	alpha,alpha-trehalase (EC 3.2.1.28).	2	1	1	1	1	1	1	1	1	1	1	1	1	1	1	1	1	1	1	1	1	1	1	1	1	1	2	2	2	2	2	2	2	2	2	2	2
GH38	alpha-mannosidase (EC 3.2.1.24); mannosyl-oligosaccharide alpha-1,2-mannosidase (EC 3.2.1.113); mannosyl-oligosaccharide alpha-1,3-1,6-mannosidase (EC 3.2.1.114); alpha-2-O-mannosylglycerate hydrolase (EC 3.2.1.170); mannosyl-oligosaccharide alpha-1,3-mannosidase (EC 3.2.1.-)	1	1	1	1	1	1	1	1	1	1	1	1	1	1	1	1	1	1	1	1	1	1	1	1	1	1	1	1	1	1	1	2	2	1	1	1	2
GH39	alpha-L-iduronidase (EC 3.2.1.76); beta-xylosidase (EC 3.2.1.37).	1	0	0	0	0	0	0	0	0	0	0	0	0	0	0	0	0	0	0	0	0	0	0	0	0	0	1	1	1	1	1	3	3	1	1	1	1
GH4	maltose-6-phosphate glucosidase (EC 3.2.1.122); alpha-glucosidase (EC 3.2.1.20); alpha-galactosidase (EC 3.2.1.22); 6-phospho-beta-glucosidase (EC 3.2.1.86); alpha-glucuronidase (EC 3.2.1.139); alpha-galacturonase (EC 3.2.1.67); palatinase (EC 3.2.1.-)	0	0	0	0	0	0	0	0	0	0	0	0	0	0	0	0	0	0	0	0	0	0	0	0	0	0	0	0	0	0	0	1	1	0	0	0	0
GH43	beta-xylosidase (EC 3.2.1.37); alpha-L-arabinofuranosidase (EC 3.2.1.55); arabinanase (EC 3.2.1.99); xylanase (EC 3.2.1.8); galactan 1,3-beta-galactosidase  (EC 3.2.1.145); alpha-1,2-L-arabinofuranosidase (EC 3.2.1.-); exo-alpha-1,5-L-arabinofuranosidase (EC 3.2.1.-); [inverting] exo-alpha-1,5-L-arabinanase (EC 3.2.1.-); beta-1,3-xylosidase (EC 3.2.1.-)	3	2	2	2	2	1	1	1	1	2	1	1	2	2	2	2	2	2	2	2	2	2	2	2	2	2	4	7	8	4	7	8	6	5	4	4	6
GH45	endoglucanase (EC 3.2.1.4)	0	1	0	0	0	0	0	0	0	0	0	0	0	0	0	0	0	0	0	0	0	0	0	0	0	0	1	0	0	1	0	1	1	1	1	1	0
GH47	alpha-mannosidase (EC 3.2.1.113)	9	6	7	7	8	7	7	7	7	7	9	9	6	8	8	8	8	8	7	8	8	8	8	8	8	8	8	8	8	8	8	8	8	7	8	8	8
GH49	dextranase (EC 3.2.1.11); isopullulanase (EC 3.2.1.57); dextran 1,6-alpha-isomaltotriosidase (EC 3.2.1.95).	1	1	1	1	1	1	1	1	1	1	1	1	1	1	1	1	1	1	1	1	1	1	1	1	1	1	0	0	0	0	0	0	0	0	0	0	1
GH5	endo-beta-1,4-glucanase / cellulase (EC 3.2.1.4); endo-beta-1,4-xylanase (EC 3.2.1.8); beta-glucosidase (EC 3.2.1.21); beta-mannosidase (EC 3.2.1.25); beta-glucosylceramidase (EC 3.2.1.45); glucan beta-1,3-glucosidase (EC 3.2.1.58); licheninase (EC 3.2.1.73); exo-beta-1,4-glucanase / cellodextrinase (EC 3.2.1.74); glucan endo-1,6-beta-glucosidase (EC 3.2.1.75); mannan endo-beta-1,4-mannosidase (EC 3.2.1.78); cellulose beta-1,4-cellobiosidase (EC 3.2.1.91); steryl beta-glucosidase (EC 3.2.1.104); endoglycoceramidase (EC 3.2.1.123); chitosanase (EC 3.2.1.132); beta-primeverosidase (EC 3.2.1.149); xyloglucan-specific endo-beta-1,4-glucanase (EC 3.2.1.151); endo-beta-1,6-galactanase (EC 3.2.1.164); hesperidin 6-O-alpha-L-rhamnosyl-beta-glucosidase (EC 3.2.1.168); beta-1,3-mannanase (EC 3.2.1.-); arabinoxylan-specific endo-beta-1,4-xylanase (EC 3.2.1.-); mannan transglycosylase (EC 2.4.1.-)	7	5	5	5	5	6	6	6	6	4	5	5	5	5	5	5	5	5	6	5	5	5	5	5	5	5	11	12	11	8	11	11	11	8	8	8	12
GH51	endoglucanase (EC 3.2.1.4); endo-beta-1,4-xylanase (EC 3.2.1.8); beta-xylosidase (EC 3.2.1.37); alpha-L-arabinofuranosidase (EC 3.2.1.55)	0	0	0	0	0	0	0	0	0	0	0	0	0	0	0	0	0	0	0	0	0	0	0	0	0	0	1	1	1	0	1	0	0	0	0	0	0
GH54	alpha-L-arabinofuranosidase (EC 3.2.1.55); beta-xylosidase (EC 3.2.1.37).	0	0	0	0	0	0	0	0	0	0	1	1	0	0	0	0	0	0	0	0	0	0	0	0	0	0	2	2	2	2	2	2	2	2	2	2	2
GH55	exo-beta-1,3-glucanase (EC 3.2.1.58); endo-beta-1,3-glucanase (EC 3.2.1.39)	10	4	4	4	4	4	5	4	5	3	4	4	4	4	4	4	4	4	3	4	4	4	4	4	4	4	10	8	7	9	8	9	10	6	6	6	10
GH6	endoglucanase (EC 3.2.1.4); cellobiohydrolase (EC 3.2.1.91)	0	0	0	0	0	1	1	1	1	0	1	1	0	0	0	0	0	0	0	0	0	0	0	0	0	0	1	1	1	1	1	1	1	1	1	1	1
GH62	alpha-L-arabinofuranosidase (EC 3.2.1.55)	0	0	0	0	0	0	0	0	0	0	1	0	0	0	0	0	0	0	0	0	0	0	0	0	0	0	0	2	2	1	2	2	2	1	1	1	3
GH63	processing alpha-glucosidase (EC 3.2.1.106); alpha-1,3-glucosidase (EC 3.2.1.84); alpha-glucosidase (EC 3.2.1.20); mannosylglycerate alpha-mannosidase / mannosylglycerate hydrolase (EC 3.2.1.170)	1	1	1	1	1	1	1	1	1	2	1	1	1	1	1	1	1	1	1	1	1	1	1	1	1	1	1	2	2	1	2	1	1	1	1	1	1
GH64	beta-1,3-glucanase (EC 3.2.1.39)	2	1	1	1	1	1	1	1	1	1	2	2	1	1	1	1	1	1	1	1	1	1	1	1	1	1	4	3	3	3	3	3	3	2	3	3	3
GH65	alpha,alpha-trehalase (EC 3.2.1.28); maltose phosphorylase (EC 2.4.1.8); trehalose phosphorylase (EC 2.4.1.64); kojibiose phosphorylase (EC 2.4.1.230); trehalose-6-phosphate phosphorylase (EC 2.4.1.216); nigerose phosphorylase (EC 2.4.1.279); 3-O-alpha-glucopyranosyl-L-rhamnose phosphorylase (EC 2.4.1.282); 2-O-alpha-glucopyranosylglycerol: phosphate beta-glucosyltransferase (EC 2.4.1.-); alpha-glucosyl-1,2-beta-galactosyl-L-hydroxylysine alpha-glucosidase (EC 3.2.1.107)	2	1	1	1	1	1	1	1	1	1	1	1	1	1	1	1	1	1	1	1	1	1	1	1	1	1	2	2	2	2	2	1	1	2	2	2	2
GH67	alpha-glucuronidase (EC 3.2.1.139); xylan alpha-1,2-glucuronidase (EC 3.2.1.131)	0	1	1	1	1	1	1	1	1	1	1	1	1	1	1	1	1	1	1	1	1	1	1	1	0	1	1	2	2	1	2	2	2	1	1	1	2
GH7	endo-beta-1,4-glucanase (EC 3.2.1.4); reducing end-acting cellobiohydrolase (EC 3.2.1.176); chitosanase (EC 3.2.1.132); endo-beta-1,3-1,4-glucanase (EC 3.2.1.73)	0	1	0	0	1	1	1	1	1	1	2	2	1	1	0	0	0	1	1	1	0	1	1	1	1	1	2	2	2	2	2	1	2	2	2	2	2
GH71	alpha-1,3-glucanase (EC 3.2.1.59).	6	4	3	3	3	4	4	4	4	3	3	3	3	3	3	3	3	3	3	3	3	3	3	3	3	3	10	6	6	6	6	9	9	5	6	6	7
GH72	beta-1,3-glucanosyltransglycosylase (EC 2.4.1.-)	4	3	4	4	4	4	4	4	4	4	4	4	3	4	4	3	4	4	4	4	4	4	4	4	4	4	4	5	5	5	5	5	5	5	5	5	6
GH74	endoglucanase (EC 3.2.1.4); oligoxyloglucan reducing end-specific cellobiohydrolase (EC 3.2.1.150); xyloglucanase (EC 3.2.1.151)	0	0	0	0	0	0	0	0	0	0	1	1	0	0	0	0	0	0	0	0	0	0	0	0	0	0	1	1	1	1	1	1	1	1	1	1	1
GH75	chitosanase (EC 3.2.1.132)	5	1	1	1	1	1	1	1	1	0	3	3	1	1	1	1	1	1	1	1	1	1	0	1	1	1	5	5	6	3	5	5	5	3	3	3	5
GH76	alpha-1,6-mannanase (EC 3.2.1.101)	8	6	6	6	6	7	6	7	6	6	7	7	6	5	6	5	6	6	6	6	6	6	6	6	6	6	10	8	9	9	7	9	9	7	8	8	9
GH78	alpha-L-rhamnosidase (EC 3.2.1.40); rhamnogalacturonan alpha-L-rhamnohydrolase (EC 3.2.1.174); L-Rhap-alpha-1,3-D-Apif -specific alpha-1,3-L-rhamnosidase (EC 3.2.1.-)	0	0	0	0	0	0	0	0	0	0	0	1	0	0	0	0	1	1	0	0	1	0	0	0	0	0	4	6	4	2	3	3	3	1	1	1	6
GH79	beta-glucuronidase (EC 3.2.1.31); hyaluronoglucuronidase (EC 3.2.1.36); heparanase (EC 3.2.1.166); baicalin beta-glucuronidase (EC 3.2.1.167); beta-4-O-methyl-glucuronidase (EC 3.2.1.-)	3	1	1	1	1	2	2	2	2	1	1	2	1	1	1	1	2	2	1	1	2	1	1	1	1	1	3	5	5	5	4	4	4	4	3	4	4
GH81	endo-beta-1,3-glucanase (EC 3.2.1.39)	2	1	1	1	1	2	2	3	2	1	2	2	1	1	1	1	1	1	1	1	1	1	1	1	1	1	2	2	2	2	2	2	2	1	2	2	2
GH88	d-4,5-unsaturated beta-glucuronyl hydrolase (EC 3.2.1.-)	1	1	1	1	1	1	1	1	1	1	1	1	1	1	1	1	1	1	1	1	1	1	1	1	1	1	3	1	2	0	2	3	3	0	0	0	3
GH89	alpha-N-acetylglucosaminidase (EC 3.2.1.50)	1	1	1	1	1	1	1	1	1	1	1	1	1	1	1	1	1	1	1	1	1	1	1	1	1	1	2	1	1	2	1	1	2	2	2	2	1
GH9	endoglucanase (EC 3.2.1.4); endo-beta-1,3(4)-glucanase / lichenase-laminarinase (EC 3.2.1.6);  beta-glucosidase (EC 3.2.1.21); lichenase / endo-beta-1,3-1,4-glucanase (EC 3.2.1.73); exo-beta-1,4-glucanase / cellodextrinase (EC 3.2.1.74); cellobiohydrolase (EC 3.2.1.91); xyloglucan-specific endo-beta-1,4-glucanase / endo-xyloglucanase (EC 3.2.1.151); exo-beta-glucosaminidase (EC 3.2.1.165)	0	2	0	0	0	0	0	0	0	0	0	0	0	0	0	0	0	0	0	0	0	0	0	0	0	0	0	0	0	0	0	0	0	0	0	0	0
GH92	mannosyl-oligosaccharide alpha-1,2-mannosidase (EC 3.2.1.113); mannosyl-oligosaccharide alpha-1,3-mannosidase (EC 3.2.1.-);	9	5	5	4	5	4	4	4	4	5	5	5	5	5	5	5	4	5	5	5	5	5	5	5	5	5	8	8	8	7	8	7	7	7	7	7	7
GH93	exo-alpha-L-1,5-arabinanase (EC 3.2.1.-)	1	1	1	1	1	1	1	1	1	1	1	1	1	1	1	1	1	1	1	1	1	1	1	1	1	1	2	3	4	1	4	4	4	1	1	1	2
GH95	alpha-L-fucosidase (EC 3.2.1.51); alpha-1,2-L-fucosidase (EC 3.2.1.63); alpha-L-galactosidase (EC 3.2.1.-)	5	2	2	2	3	2	1	2	1	3	1	1	2	3	3	3	3	3	3	3	3	3	2	3	3	3	6	5	5	4	5	6	6	5	5	5	5
GH99	glycoprotein endo-alpha-1,2-mannosidase (EC 3.2.1.130); mannan endo-1,2-alpha-mannanase (3.2.1.-)	0	0	0	0	0	0	0	0	0	0	0	0	0	0	0	0	0	0	0	0	0	0	0	0	0	0	0	1	1	0	1	0	0	0	0	0	0
GT0	Glycosyltransferases not yet assigned to a family	6	4	5	5	6	4	5	4	5	6	5	5	4	5	6	6	5	6	6	6	6	6	5	6	6	6	5	7	6	6	6	6	7	6	6	6	7
GT1	UDP-glucuronosyltransferase (EC 2.4.1.17); zeatin O-beta-xylosyltransferase (EC 2.4.2.40); 2-hydroxyacylsphingosine 1-beta-galactosyltransferase (EC 2.4.1.45); N-acylsphingosine galactosyltransferase (EC 2.4.1.47); flavonol 3-O-glucosyltransferase (EC 2.4.1.91); anthocyanidin 3-O-glucosyltransferase (EC 2.4.1.115); sinapate 1-glucosyltransferase (EC 2.4.1.120); indole-3-acetate beta-glucosyltransferase (EC 2.4.1.121); flavonol L-rhamnosyltransferase (EC 2.4.1.159); sterol glucosyltransferase (EC 2.4.1.173); UDP-Glc: 4-hydroxybenzoate 4-O-beta-glucosyltransferase (EC 2.4.1.194); zeatin O-beta-glucosyltransferase (EC 2.4.1.203); limonoid glucosyltransferase (EC 2.4.1.210); UDP-GlcA: baicalein 7-O-beta-glucuronosyltransferase (EC 2.4.1.253); UDP-Glc: chalcone 4â€²-O-beta-glucosyltransferase (EC 2.4.1.286); ecdysteroid UDP-glucosyltransferase (EC 2.4.1.-); salicylic acid beta-glucosyltransferase (EC 2.4.1.-); anthocyanin 3-O-galactosyltransferase (EC 2.4.1.-); anthocyanin 5-O-glucosyltransferase (EC 2.4.1.-); dTDP-beta-2-deoxy-L-fucose: alpha-L-2-deoxyfucosyltransferase (EC 2.4.1.-); UDP-beta-L-rhamnose: alpha-L-rhamnosyltransferase (EC 2.4.1.-); zeaxanthin glucosyltransferase (EC 2.4.1.-)	7	4	3	3	4	5	4	5	5	3	5	5	4	3	3	4	3	4	4	3	4	4	3	4	4	3	8	6	5	7	7	8	7	7	5	6	7
GT15	glycolipid 2-alpha-mannosyltransferase (EC 2.4.1.131); GDP-Man: alpha-1,2-mannosyltransferase (EC 2.4.1.-).	5	4	4	4	4	5	3	5	3	3	4	3	4	3	4	4	4	4	4	5	4	4	4	4	4	5	4	4	4	4	2	5	5	4	4	4	4
GT17	beta-1,4-mannosyl-glycoprotein beta-1,4-N-acetylglucosaminyltransferase (EC 2.4.1.144).	1	1	1	1	1	0	0	0	0	1	1	1	1	1	1	1	1	1	1	1	1	1	1	1	1	1	1	1	1	1	1	1	1	1	1	1	1
GT2	cellulose synthase (EC 2.4.1.12); chitin synthase (EC 2.4.1.16); dolichyl-phosphate beta-D-mannosyltransferase (EC 2.4.1.83); dolichyl-phosphate beta-glucosyltransferase (EC 2.4.1.117); N-acetylglucosaminyltransferase (EC 2.4.1.-); N-acetylgalactosaminyltransferase (EC 2.4.1.-); hyaluronan synthase (EC 2.4.1.212); chitin oligosaccharide synthase (EC 2.4.1.-); beta-1,3-glucan synthase (EC 2.4.1.34); beta-1,4-mannan synthase (EC 2.4.1.-); beta-mannosylphosphodecaprenol-mannooligosaccharide alpha-1,6-mannosyltransferase (EC 2.4.1.199); UDP-Galf: rhamnopyranosyl-N-acetylglucosaminyl-PP-decaprenol beta-1,4/1,5-galactofuranosyltransferase (EC 2.4.1.287); UDP-Galf: galactofuranosyl-galactofuranosyl-rhamnosyl-N-acetylglucosaminyl-PP-decaprenol beta-1,5/1,6-galactofuranosyltransferase (EC 2.4.1.288); dTDP-L-Rha: N-acetylglucosaminyl-PP-decaprenol alpha-1,3-L-rhamnosyltransferase (EC 2.4.1.289)	14	12	12	11	12	12	13	13	14	12	13	13	12	12	12	13	12	12	12	12	12	12	12	12	13	12	16	13	13	12	13	17	15	13	13	15	21
GT20	alpha,alpha-trehalose-phosphate synthase [UDP-forming] (EC 2.4.1.15); Glucosylglycerol-phosphate synthase (EC 2.4.1.213); trehalose-6-P phosphatase (EC 3.1.3.12); [retaining] GDP-valeniol: validamine 7-phosphate valeniolyltransferase (EC 2.-.-.-)	4	3	3	3	3	3	3	3	3	3	3	3	3	3	3	3	3	3	2	3	3	3	3	3	3	3	4	5	5	4	5	4	5	4	4	4	4
GT21	UDP-Glc: ceramide beta-glucosyltransferase (EC 2.4.1.80).	1	1	1	1	1	1	1	1	1	1	1	1	1	1	1	1	1	1	1	1	1	1	1	1	1	1	1	1	1	1	1	1	1	1	1	1	1
GT22	Dol-P-Man: Man6GlcNAc2-PP-Dol alpha-1,2-mannosyltransferase (EC 2.4.1.259); Dol-P-Man: Man8GlcNAc2-PP-Dol alpha-1,2-mannosyltransferase (EC 2.4.1.261); Dol-P-Man: Man2-GlcNAc-phosphatidylinositol alpha-1,2-mannosyltransferase (EC 2.4.1.-); Dol-P-Man: Man3-GlcNAc-phosphatidylinositol alpha-1,2-mannosyltransferase (EC 2.4.1.-)	5	5	5	5	5	5	5	5	5	5	5	4	5	5	5	5	5	6	5	4	5	5	5	5	5	5	4	5	5	5	5	5	5	5	5	5	5
GT24	UDP-Glc: glycoprotein alpha-glucosyltransferase (EC 2.4.1.-).	1	1	1	1	1	1	1	1	1	1	1	1	1	1	1	1	1	1	1	1	1	1	1	1	1	1	1	1	1	1	1	1	1	1	1	1	1
GT25	lipopolysaccharide beta-1,4-galactosyltransferase (EC 2.4.1.-); beta-1,3-glucosyltransferase (EC 2.4.1.-); beta-1,2-glucosyltransferase (EC 2.4.1.-); beta-1,2-galactosyltransferase (EC 2.4.1.-); LPS beta-1,4-galactosyltransferase (EC 2.4.1.-); occidiofungin beta-xylosyltransferase (EC 2.4.2.-); UDP-Gal:procollagen beta-galactosyltransferase (EC 2.4.1.50)	1	0	0	0	1	1	1	1	1	1	0	0	0	0	1	1	1	1	1	1	1	1	0	1	1	1	0	0	0	1	0	1	1	1	1	1	1
GT28	1,2-diacylglycerol 3-beta-galactosyltransferase (EC 2.4.1.46); 1,2-diacylglycerol 3-beta-glucosyltransferase (EC 2.4.1.157);  UDP-GlcNAc: Und-PP-MurAc-pentapeptide beta-N-acetylglucosaminyltransferase (EC 2.4.1.227); digalactosyldiacylglycerol synthase (EC 2.4.1.241)	0	0	0	0	0	0	0	0	0	0	0	0	0	0	0	0	0	0	0	0	0	0	1	0	0	0	0	0	0	0	0	0	0	0	1	1	0
GT3	glycogen synthase (EC 2.4.1.11).	1	1	1	1	1	1	1	1	1	1	1	1	1	1	1	1	1	1	1	1	1	1	1	1	1	1	1	1	1	1	1	1	1	1	1	1	1
GT30	CMP-beta-KDO: alpha-3-deoxy-D-manno-octulosonic-acid (KDO) transferase (EC 2.4.99.-).	1	1	1	0	1	1	1	0	1	1	1	1	1	1	1	1	1	1	1	1	1	1	1	1	1	1	1	1	1	1	1	1	1	0	1	1	1
GT31	N-acetyllactosaminide beta-1,3-N-acetylglucosaminyltransferase (EC 2.4.1.149); Glycoprotein-N-acetylgalactosamine 3-beta-galactosyltransferase (EC 2.4.1.122); fucose-specific beta-1,3-N-acetylglucosaminyltransferase (EC 2.4.1.-); globotriosylceramide beta-1,3-GalNAc transferase (EC 2.4.1.79); chondroitin synthase (beta-1,3-GlcUA and beta-1,4-GalNAc transferase (EC 2.4.1.175); chondroitin beta-1,3-glucuronyltransferase (EC 2.4.1.226); chondroitin beta-1,4-N-acetylgalactosaminyltransferase (EC 2.4.1.-); UDP-Gal: beta-galactosylxylosylprotein beta-1,3-galactosyltransferase (EC 2.4.1.134); UDP-GlcNAc: O-fucosylpeptide beta-1,3-N-acetylglucosaminyltransferase (EC 2.4.1.222)	6	3	3	2	4	4	5	4	4	4	4	4	3	4	4	4	4	4	4	3	3	4	4	4	4	3	8	8	9	6	7	8	8	9	8	8	9
GT32	alpha-1,6-mannosyltransferase (EC 2.4.1.-); alpha-1,4-N-acetylglucosaminyltransferase (EC 2.4.1.-); alpha-1,4-N-acetylgalactosaminyltransferase (EC 2.4.1.-);	4	2	3	2	3	3	4	3	3	3	3	4	2	3	3	3	3	3	3	3	3	3	3	3	3	3	7	8	9	8	8	8	7	6	7	8	9
GT33	GDP-Man: chitobiosyldiphosphodolichol beta-mannosyltransferase (EC 2.4.1.142).	1	1	1	1	1	1	1	1	1	1	0	1	1	1	1	1	1	1	1	1	1	1	1	1	1	1	1	1	1	1	1	1	1	1	1	1	1
GT34	UDP-Gal: galactomannan alpha-1,6-galactosyltransferase (EC 2.4.1.-); UDP-Xyl: xyloglucan alpha-1,6-xylosyltransferase (EC 2.4.2.39); alpha-1,2-galactosyltransferase (EC 2.4.1.-)	2	2	2	2	2	2	2	2	2	2	2	3	2	2	2	2	2	2	2	2	2	2	2	2	2	2	2	2	2	2	2	2	2	2	2	2	2
GT35	glycogen or starch phosphorylase (EC 2.4.1.1).	1	1	1	1	1	1	1	1	1	1	1	1	1	1	1	1	1	1	1	1	1	1	1	1	1	1	1	1	1	1	1	1	1	1	1	1	1
GT39	Dol-P-Man: protein alpha-mannosyltransferase (EC 2.4.1.109)	3	3	3	3	3	3	3	3	3	3	3	3	3	3	3	3	3	3	3	3	3	3	3	3	3	3	3	3	3	3	3	3	3	3	3	3	3
GT4	sucrose synthase (EC 2.4.1.13); sucrose-phosphate synthase (EC 2.4.1.14); alpha-glucosyltransferase (EC 2.4.1.52); lipopolysaccharide N-acetylglucosaminyltransferase (EC 2.4.1.56); phosphatidylinositol alpha-mannosyltransferase (EC 2.4.1.57); GDP-Man: Man1GlcNAc2-PP-dolichol alpha-1,3-mannosyltransferase (EC 2.4.1.132); GDP-Man: Man3GlcNAc2-PP-dolichol/Man4GlcNAc2-PP-dolichol alpha-1,2-mannosyltransferase (EC 2.4.1.131); digalactosyldiacylglycerol synthase (EC 2.4.1.141); 1,2-diacylglycerol 3-glucosyltransferase (EC 2.4.1.157);  diglucosyl diacylglycerol synthase (EC 2.4.1.208); trehalose phosphorylase (EC 2.4.1.231); NDP-Glc: alpha-glucose alpha-glucosyltransferase / alpha,alpha-trehalose synthase (EC 2.4.1.245); GDP-Man: Man2GlcNAc2-PP-dolichol alpha-1,6-mannosyltransferase (EC 2.4.1.257); UDP-GlcNAc: 2-deoxystreptamine alpha-N-acetylglucosaminyltransferase (EC 2.4.1.283); UDP-GlcNAc: ribostamycin alpha-N-acetylglucosaminyltransferase (EC 2.4.1.285); UDP-Gal alpha-galactosyltransferase (EC 2.4.1.-); UDP-Xyl alpha-xylosyltransferase (EC 2.4.2.-); UDP-GlcA alpha-glucuronyltransferase (EC 2.4.1.-); UDP-Glc alpha-glucosyltransferase (EC 2.4.1.-); UDP-GalNAc: GalNAc-PP-Und alpha-1,3-N-acetylgalactosaminyltransferase (EC 2.4.1.306); UDP-GalNAc: N,N'-diacetylbacillosaminyl-PP-Und alpha-1,3-N-acetylgalactosaminyltransferase (EC 2.4.1.290); ADP-dependent alpha-maltose-1-phosphate synthase (2.4.1.342)	5	5	5	5	5	5	7	5	6	5	5	5	5	5	5	5	5	5	5	5	5	5	5	5	5	5	5	6	6	6	5	6	6	5	6	6	7
GT41	UDP-GlcNAc: peptide beta-N-acetylglucosaminyltransferase (EC 2.4.1.255); UDP-Glc: peptide N-beta-glucosyltransferase (EC 2.4.1.-)	1	1	1	1	1	1	1	1	1	1	1	1	1	1	1	1	1	1	1	0	1	1	1	1	1	1	1	1	1	1	0	1	1	1	1	1	1
GT43	beta-glucuronyltransferase (EC 2.4.1.135); UDP-Xyl: xylan  beta-1,4-xylosyltransferase (EC 2.4.2.-)	0	0	0	0	1	0	0	0	0	0	0	0	0	0	1	0	1	0	0	0	0	0	0	0	0	0	0	0	0	0	0	0	0	0	0	0	0
GT48	1,3-beta-glucan synthase (EC 2.4.1.34)	1	1	1	0	1	1	1	1	1	1	1	1	1	1	1	1	1	1	1	1	1	1	1	1	1	1	1	1	1	1	1	1	1	1	1	1	1
GT50	Dol-P-Man alpha-1,4-mannosyltransferase (EC 2.4.1.-)	1	1	1	1	1	1	1	1	1	1	1	1	1	1	1	1	1	1	1	1	1	1	1	1	1	1	1	1	1	1	1	1	1	1	1	1	1
GT54	UDP-GlcNAc: alpha-1,3-D-mannoside beta-1,4-N-acetylglucosaminyltransferase (EC 2.4.1.145)	1	0	0	0	0	0	0	0	0	0	0	0	0	0	0	0	0	0	0	0	0	0	0	0	0	0	1	1	0	0	1	0	0	0	0	0	0
GT57	Dol-P-Glc: alpha-1,3-glucosyltransferase (EC 2.4.1.-)	2	2	2	2	2	2	2	2	2	2	2	1	2	2	2	2	2	2	2	2	2	2	2	2	2	2	3	2	2	3	2	3	3	3	2	3	2
GT58	Dol-P-Man: Man5GlcNAc2-PP-Dol alpha-1,3-mannosyltransferase (EC 2.4.1.258)	1	1	1	1	1	1	1	1	1	1	1	1	1	1	1	1	1	1	1	1	1	1	1	1	1	1	1	1	1	1	1	1	1	1	1	1	1
GT59	Dol-P-Glc: Glc2Man9GlcNAc2-PP-Dol alpha-1,2-glucosyltransferase (EC 2.4.1.256)	1	1	1	1	1	1	1	1	1	1	1	1	1	1	1	1	1	1	1	1	1	1	1	1	1	1	1	1	1	1	1	1	1	1	1	1	1
GT61	beta-1,2-xylosyltransferase (EC 2.4.2.38) ; protein O-beta-N-acetylglucosaminyltransferase (EC 2.4.1.94) ; xylan alpha-1,3-arabinofuranosyltransferase (EC 2.4.2.-) ;	0	1	1	1	1	0	0	0	0	1	0	0	1	1	1	1	1	1	1	1	1	1	1	1	1	1	0	0	0	0	0	0	0	0	0	0	1
GT62	alpha-1,2-mannosyltransferase (EC 2.4.1.-); alpha-1,6-mannosyltransferase (EC 2.4.1.-)	3	3	3	2	3	3	3	3	3	3	3	3	3	3	3	3	3	3	3	3	3	3	3	3	3	3	3	3	3	3	3	3	3	3	3	3	3
GT64	UDP-GlcNAc: heparan alpha-N-acetylhexosaminyltransferase (EC 2.4.1.224)	2	1	2	2	2	2	2	2	2	2	2	2	1	2	2	2	2	2	2	2	2	2	2	2	2	2	2	3	2	2	2	2	2	2	2	2	2
GT66	dolichyl-diphosphooligosaccharideâ€”protein glycotransferase (EC 2.4.99.18); undecaprenyl-diphosphooligosaccharideâ€”protein glycotransferase (EC 2.4.99.19)	1	1	1	1	1	1	1	1	1	1	1	1	1	1	1	1	1	1	1	1	1	1	1	1	1	1	1	1	1	1	1	1	1	1	1	1	1
GT69	GDP-Man: alpha-1,3-mannosyltransferase (EC 2.4.1.-)	3	3	3	3	3	4	4	4	4	2	3	2	3	3	4	3	4	4	3	4	4	4	3	3	4	4	4	4	4	3	4	4	4	4	4	4	5
GT7	lactose synthase (EC 2.4.1.22); beta-N-acetylglucosaminyl-glycopeptide beta-1,4-galactosyltransferase (EC 2.4.1.38); N-acetyllactosamine synthase (EC 2.4.1.90); xylosylprotein beta-4-galactosyltransferase (EC 2.4.1.133); UDP-Gal: neolactotriaosylceramide beta-1,4-galactosyltransferase (EC 2.4.1.275); beta-1,4-N-acetylglucosaminyltransferase (EC 2.4.1.-)	2	2	2	2	2	2	2	2	2	2	2	2	2	2	2	2	2	2	2	2	2	2	2	2	2	2	2	2	2	2	2	2	2	2	2	2	2
GT71	alpha-mannosyltransferase (EC 2.4.1.-)	0	0	0	0	0	0	0	0	0	0	0	0	0	0	0	0	0	0	0	0	0	0	0	0	0	0	1	1	1	1	1	1	1	1	1	1	1
GT76	Dol-P-Man: alpha-1,6-mannosyltransferase (EC 2.4.1.-)	1	1	1	1	1	1	2	1	1	1	1	1	1	1	1	1	1	1	1	1	1	1	1	1	1	1	1	1	1	1	1	1	1	1	1	1	1
GT8	lipopolysaccharide alpha-1,3-galactosyltransferase (EC 2.4.1.44);  UDP-Glc: (glucosyl)lipopolysaccharide alpha-1,2-glucosyltransferase (EC 2.4.1.-); lipopolysaccharide glucosyltransferase 1 (EC 2.4.1.58); glycogenin glucosyltransferase (EC 2.4.1.186); inositol 1-alpha-galactosyltransferase (galactinol synthase) (EC 2.4.1.123); homogalacturonan alpha-1,4-galacturonosyltransferase (EC 2.4.1.43); UDP-GlcA: xylan alpha-glucuronyltransferase (EC 2.4.1.-)	4	2	2	2	2	2	2	2	2	2	2	2	2	2	2	2	2	2	2	2	2	2	2	1	2	2	4	3	4	3	4	4	4	3	3	3	4
GT83	undecaprenyl phosphate-alpha-L-Ara4N: 4-amino-4-deoxy-beta-L-arabinosyltransferase (EC 2.4.2.43); dodecaprenyl phosphate-beta-galacturonic acid: lipopolysaccharide core alpha-galacturonosyl transferase (EC 2.4.1.-)	0	0	0	0	0	0	0	0	0	0	0	0	0	0	0	0	0	0	0	0	0	0	0	0	0	0	0	0	0	0	1	0	0	0	0	0	0
GT87	polyprenol-P-Man: alpha-1,2-mannosyltransferase (EC 2.4.1.-)	0	1	1	1	2	1	1	1	1	1	1	1	1	0	1	2	2	1	2	2	1	2	1	2	2	2	1	1	1	1	0	2	1	1	1	1	1
GT9	lipopolysaccharide N-acetylglucosaminyltransferase (EC 2.4.1.56); heptosyltransferase (EC 2.4.-.-).	0	0	0	0	0	0	0	0	0	0	0	0	0	0	0	0	0	1	0	0	1	0	0	0	0	1	0	0	0	1	0	0	0	0	0	0	0
GT90	UDP-Xyl: (mannosyl) glucuronoxylomannan/galactoxylomannan beta-1,2-xylosyltransferase (EC 2.4.2.-); UDP-Glc: protein O-beta-glucosyltransferase (EC 2.4.1.-); UDP-Xyl: protein O-beta-xylosyltransferase (EC 2.4.2.-)	5	5	5	5	5	4	4	4	4	5	5	4	5	5	5	5	5	5	5	5	5	5	5	5	5	5	5	7	7	6	7	6	6	6	6	6	6
NRPS	null	0	5	2	3	5	3	4	4	4	2	2	2	5	1	6	5	5	6	6	1	5	5	4	6	6	5	4	6	6	11	6	7	8	8	9	10	10
Others	null	2	4	5	4	6	1	2	2	3	3	1	2	4	5	6	6	6	6	6	1	6	6	2	6	6	6	1	5	5	4	4	5	6	3	4	4	6
PKS-NRP	null	0	1	2	2	1	1	2	1	2	2	0	0	1	0	2	1	2	3	2	1	1	1	2	1	2	1	0	2	2	3	2	2	3	3	3	3	3
PKSI	null	2	6	6	5	8	5	4	3	5	6	1	1	5	5	8	8	8	10	8	4	8	8	5	8	9	8	7	10	10	8	10	13	15	12	12	12	14
PL1	pectate lyase (EC 4.2.2.2); exo-pectate lyase (EC 4.2.2.9); pectin lyase (EC 4.2.2.10).	0	2	2	2	2	2	0	2	0	2	2	2	2	2	2	2	2	2	2	2	2	2	2	2	2	2	0	1	2	0	2	0	0	0	0	0	0
PL11	rhamnogalacturonan endolyase (EC 4.2.2.23); rhamnogalacturonan exolyase (EC 4.2.2.24)	0	0	0	0	0	0	0	0	0	0	0	0	0	0	0	0	0	0	0	0	0	0	0	0	0	0	0	0	0	0	0	1	1	0	0	0	2
PL20	endo-beta-1,4-glucuronan lyase (EC 4.2.2.14)	2	0	0	0	0	0	0	0	0	0	0	0	0	0	0	0	0	0	0	0	0	0	0	0	0	0	2	2	2	2	2	2	2	2	2	2	2
PL3	pectate lyase (EC 4.2.2.2).	0	0	0	0	0	0	0	0	0	0	0	0	1	0	0	0	0	0	0	0	0	0	0	0	0	0	0	0	0	0	0	0	0	0	0	0	0
PL7	poly(beta-mannuronate) lyase / M-specific alginate lyase (EC 4.2.2.3); alpha-L-guluronate lyase / G-specific alginate lyase (EC 4.2.2.11); poly-(MG)-lyase / MG-specific alginate lyase (EC 4.2.2.-)	3	1	1	1	1	1	1	1	1	1	1	1	1	1	1	1	1	1	1	1	1	1	1	1	1	1	2	3	3	2	3	3	3	2	2	2	3
PL8	hyaluronate lyase (EC 4.2.2.1); chondroitin AC lyase (EC 4.2.2.5); xanthan lyase (EC 4.2.2.12); chondroitin ABC lyase (EC 4.2.2.20)	1	0	0	0	1	1	1	1	1	1	0	0	0	0	1	1	1	1	1	1	1	1	0	1	1	1	1	1	1	1	1	1	1	1	1	1	1
Terpene	null	2	3	4	2	5	2	2	3	3	4	3	3	3	4	7	6	7	5	6	1	7	6	3	7	7	6	6	4	4	6	3	7	6	5	5	6	6
